0,1
1,3
2,3,4
3,7,8
4
5,1
6,3
7,11
8,10
9,1
10
11
12,13
13
14,15
15,16,12,19,20,21
16,17
17
18,14
19,23
20,24
21,25
22,15
23
24
25
26,27
27,28,29
28
29,34
30,31,29,32,33
31,37
32,35
33
34
35
36,26
37
38,30
39,40,41,42,43,44
40,75
41,60
42,48
43,46
44,75
45,46
46
47,39
48
49,50
50,52
51,52
52,58,45,52,42,62,44
53,54
54
55,52
56,46
57,42,58,59,44
58,60
59,61
60
61
62,70
63,64,58,65,66,67
64
65
66
67
68,49
69,69,40,41,42,62,56
70
71,72
72
73,74
74
75
76,53,73,71,39,77
77,78
78
79,80
80
81,79,82,83,84,85,86
82
83,90
84
85
86
87,88
88
89,87
90
91,79,84,86,92,93,94
92
93
94
95,79,87,89,83,84,85
96,79,89,84,97
97,98
98
99,100
100,108
101,101,102,100
102,103,104
103,104
104
105,106,107,101
106
107
108,104
109,100
110,111
111,117
112,113
113,121
114,115,116
115,121
116
117,118,119,120
118
119,127
120,129
121,125,126,122
122,118,119,123,120,124
123
124
125
126
127
128,112,113
129
130,131,132
131,148
132,141
133,130,134,135,136
134,142
135,149
136,146
137,138,139
138,140
139
140,133
141
142
143,144,145
144,140
145
146
147,133
148
149
