last_name,first_name,player_id,year,b_total_pa,b_single,b_double,b_triple,b_home_run,b_strikeout,b_walk,on_base_percent,on_base_plus_slg,b_catcher_interf,b_hit_by_pitch,b_out_fly,b_out_ground,b_out_line_drive,b_out_popup,r_caught_stealing_2b,r_caught_stealing_3b,r_caught_stealing_home,r_stolen_base_2b,r_stolen_base_3b,r_stolen_base_home,woba,pull_percent,straightaway_percent,opposite_percent,bats_right_pct,bats_left_pct,bats_right_pct,bats_left_pct,bats_right_pct,bats_left_pct,bats_right_pct,bats_left_pct,
Pujols,Albert,405395,2021,296,45,3,0,17,45,14,0.284,0.717,0,5,44,86,19,18,0,0,0,1,1,0,0.302,46.1,28.4,25.4,1.0,0.0,
Cabrera,Miguel,408234,2021,526,90,16,0,15,118,40,0.316,0.701,0,5,72,131,24,13,0,0,0,0,0,0,0.305,32.8,37.2,30,1.0,0.0,
Rivera,Rene,425784,2021,78,11,3,0,2,29,4,0.282,0.644,0,2,4,19,2,2,0,0,0,0,0,0,0.288,48.8,27.9,23.3,1.0,0.0,
Wainwright,Adam,425794,2021,74,5,2,0,0,25,3,0.135,0.293,0,0,5,31,2,1,0,0,0,0,0,0,0.149,39.1,50,10.9,1.0,0.0,
Molina,Yadier,425877,2021,473,81,19,0,11,79,24,0.296,0.666,1,5,85,118,27,23,0,0,0,1,2,0,0.290,43.4,34.3,22.3,1.0,0.0,
Suzuki,Kurt,435559,2021,247,35,8,0,6,44,12,0.291,0.634,0,11,37,60,19,14,0,0,0,0,0,0,0.282,47.8,31.7,20.6,1.0,0.0,
CruzJr.,Nelson,443558,2021,584,82,21,1,32,126,51,0.332,0.829,4,7,69,129,23,35,0,0,0,3,0,0,0.346,36.6,36.4,27,1.0,0.0,
Peralta,David,444482,2021,538,80,30,8,8,92,46,0.325,0.728,0,3,50,166,29,25,1,0,0,2,0,0,0.314,31.2,40.8,28,0.0,1.0,
Pina,Manny,444489,2021,208,15,6,0,13,38,22,0.293,0.732,0,5,30,48,17,14,0,0,0,0,0,0,0.315,44.8,37.1,18.2,1.0,0.0,
Escobar,Alcides,444876,2021,349,65,21,2,4,56,17,0.338,0.742,0,9,39,95,27,14,0,0,0,3,0,0,0.326,31.1,38.2,30.7,1.0,0.0,
Longoria,Evan,446334,2021,291,36,17,0,13,68,35,0.351,0.833,0,1,39,59,13,8,1,0,0,1,0,0,0.352,35.8,39,25.1,1.0,0.0,
Morton,Charlie,450203,2021,62,6,1,0,0,31,0,0.113,0.258,0,0,4,16,2,2,0,0,0,0,0,0,0.118,25.8,35.5,38.7,1.0,0.0,
Lester,Jon,452657,2021,51,5,2,0,1,24,2,0.196,0.467,0,0,1,13,1,2,0,0,0,0,0,0,0.205,20,60,20,0.0,1.0,
Cabrera,Asdrubal,452678,2021,352,43,21,0,7,80,36,0.313,0.678,0,3,49,78,15,19,0,0,0,1,0,0,0.297,46.4,32.2,21.5,0.3475783475783480,0.6524216524216520,
Scherzer,Max,453286,2021,63,0,0,0,0,28,0,0.000,0.000,0,0,5,27,3,0,0,0,0,0,0,0,0.000,17.1,51.4,31.4,1.0,0.0,
Blackmon,Charlie,453568,2021,582,97,25,4,13,91,54,0.351,0.761,0,11,68,158,35,25,0,0,0,3,0,0,0.333,35.7,41.8,22.5,0.0,1.0,
Maldonado,Martin,455117,2021,426,41,10,1,12,127,47,0.272,0.573,0,5,60,85,21,17,0,0,0,0,0,0,0.258,40.1,34,25.9,1.0,0.0,
Chirinos,Robinson,455139,2021,112,11,5,1,5,36,9,0.321,0.775,0,5,14,16,3,7,0,0,0,0,0,0,0.336,46.8,29,24.2,1.0,0.0,
Cain,Lorenzo,456715,2021,286,45,13,0,8,48,26,0.329,0.729,0,2,38,75,21,10,2,0,0,11,2,0,0.319,32.4,37.6,30,1.0,0.0,
Solano,Donovan,456781,2021,344,62,17,0,7,58,25,0.343,0.747,0,7,57,80,25,6,0,0,0,2,0,0,0.324,33.1,39.8,27.2,1.0,0.0,
McCutchen,Andrew,457705,2021,574,55,24,1,27,132,81,0.334,0.778,0,4,74,120,30,25,1,0,1,5,0,1,0.335,48.7,32.8,18.5,1.0,0.0,
Upton,Justin,457708,2021,362,38,12,0,17,107,39,0.296,0.704,1,1,41,70,17,19,1,0,0,4,0,0,0.305,44.9,34.1,21,1.0,0.0,
Turner,Justin,457759,2021,612,99,22,0,27,98,61,0.361,0.832,0,12,111,109,39,30,0,0,0,2,1,0,0.358,31.3,38.5,30.2,1.0,0.0,
PoseyIII,Buster,457763,2021,454,79,23,0,18,87,56,0.390,0.889,0,1,45,113,19,13,0,0,0,0,0,0,0.379,30.3,44.8,24.8,1.0,0.0,
Votto,Joey,458015,2021,533,59,23,1,36,127,77,0.375,0.938,0,4,73,92,26,15,0,0,0,0,1,0,0.391,40.9,36.9,22.2,0.0,1.0,
Gardner,Brett,458731,2021,461,56,16,4,10,100,60,0.323,0.685,0,3,52,103,25,30,0,1,0,4,0,0,0.305,33.6,37.6,28.9,0.0,1.0,
Joyce,Matt,459964,2021,69,2,1,0,2,16,12,0.261,0.479,0,1,10,17,5,3,0,0,0,0,0,0,0.219,55,27.5,17.5,0.0,1.0,
Romine,Andrew,461865,2021,64,8,2,0,1,24,4,0.234,0.501,0,0,5,15,5,0,1,0,1,0,0,0,0.223,47.2,36.1,16.7,0.3125,0.6875,
Andrus,Elvis,462101,2021,541,91,25,2,3,81,31,0.292,0.612,0,6,63,155,52,30,2,0,0,10,3,0,0.270,32.2,42.3,25.5,1.0,0.0,
Sandoval,Pablo,467055,2021,86,9,0,0,4,25,11,0.302,0.645,0,2,8,14,8,5,0,0,0,0,0,0,0.291,25,45.8,29.2,0.08433734939759040,0.9156626506024100,
Ramos,Wilson,467092,2021,163,18,5,0,8,36,9,0.245,0.643,2,0,17,50,11,7,0,0,0,0,0,0,0.275,37.1,35.3,27.6,1.0,0.0,
Santana,Carlos,467793,2021,659,87,15,0,19,102,86,0.319,0.660,0,3,99,169,38,41,0,0,0,2,0,0,0.294,43.4,39.3,17.1,0.28810975609756100,0.711890243902439,
Parra,Gerardo,467827,2021,107,16,5,0,2,30,6,0.290,0.640,0,2,18,19,7,1,1,0,0,0,1,0,0.282,23.2,39.1,37.7,0.0,1.0,
Mercer,Jordy,474568,2021,127,21,7,0,2,34,9,0.307,0.671,0,0,12,26,8,8,0,0,0,0,0,0,0.294,41.7,34.5,23.8,1.0,0.0,
Belt,Brandon,474832,2021,381,44,14,2,29,103,48,0.378,0.975,0,7,55,49,13,16,2,0,0,3,0,0,0.406,43,30.9,26,0.0,1.0,
Zimmerman,Ryan,475582,2021,273,32,16,0,14,77,16,0.286,0.756,0,0,23,68,16,11,0,0,0,0,0,0,0.319,34.4,47.8,17.8,1.0,0.0,
Lowrie,Jed,476704,2021,512,70,28,0,14,108,49,0.318,0.717,0,2,85,106,29,20,0,0,0,0,0,0,0.311,37.1,39.7,23.2,0.3522504892367910,0.6477495107632090,
Avila,Alex,488671,2021,111,6,9,1,1,37,19,0.342,0.691,0,2,13,20,2,1,0,0,0,0,0,0,0.311,41.5,37.7,20.8,0.0,1.0,
BrantleyJr.,Michael,488726,2021,508,106,29,3,8,53,33,0.362,0.799,0,5,66,141,48,15,0,1,0,1,0,0,0.347,33.3,41.2,25.4,0.0,1.0,
Castro,Jason,488771,2021,179,20,7,0,8,54,25,0.352,0.795,0,3,20,29,10,3,0,0,0,0,0,0,0.347,41.2,30.9,27.8,0.0,1.0,
Miley,Wade,489119,2021,59,7,3,0,0,13,3,0.220,0.461,0,0,4,23,4,2,0,0,0,0,0,0,0.210,20.9,41.9,37.2,0.0,1.0,
Gurriel,Yuli,493329,2021,605,123,31,0,15,68,59,0.383,0.846,0,4,83,131,45,41,1,0,0,1,0,0,0.363,33.3,40.9,25.7,1.0,0.0,
Rojas,Miguel,500743,2021,539,89,30,3,9,74,37,0.321,0.713,0,5,76,139,43,34,2,1,0,10,3,0,0.311,33.3,38.5,28.1,1.0,0.0,
Escobar,Eduardo,500871,2021,599,80,26,5,28,124,48,0.314,0.786,0,1,103,102,37,44,0,0,0,1,0,0,0.334,45.3,31,23.7,0.26588628762541800,0.7341137123745820,
Adrianza,Ehire,501303,2021,209,29,9,2,5,42,21,0.325,0.726,0,2,23,46,14,13,0,0,0,0,0,0,0.316,42.4,37.5,20.1,0.27403846153846200,0.7259615384615380,
Lagares,Juan,501571,2021,327,45,20,2,6,76,12,0.263,0.635,0,1,39,90,22,14,2,0,0,1,0,0,0.274,37.8,32.8,29.4,1.0,0.0,
Almonte,Abraham,501659,2021,175,15,12,0,5,38,26,0.331,0.730,0,0,18,41,12,7,1,0,0,1,0,0,0.321,43.2,33.3,23.4,0.18857142857142900,0.8114285714285710,
Davis,Khris,501981,2021,114,12,5,1,3,31,10,0.272,0.635,0,0,13,29,2,7,0,0,0,0,0,0,0.274,47.9,27.4,24.7,1.0,0.0,
Pham,Tommy,502054,2021,561,68,24,2,15,128,78,0.340,0.724,0,4,56,136,33,15,5,1,0,13,0,1,0.318,30.8,40.7,28.5,1.0,0.0,
Martinez,J.D.,502110,2021,634,90,42,3,28,150,55,0.349,0.866,1,3,87,109,42,23,0,0,0,0,0,0,0.364,33.4,36,30.6,1.0,0.0,
Reddick,Josh,502210,2021,158,26,11,0,2,31,6,0.285,0.656,0,0,22,36,12,11,0,0,0,0,0,0,0.283,42.1,34.7,23.1,0.0,1.0,
Freeman,Mike,502273,2021,65,11,0,0,0,20,5,0.262,0.448,0,1,10,16,2,0,1,0,0,1,0,0,0.206,38.5,25.6,35.9,0.0,1.0,
Dyson,Jarrod,502481,2021,149,19,7,2,0,33,10,0.255,0.544,0,0,9,51,13,5,5,0,0,8,2,0,0.243,34,44.3,21.7,0.0,1.0,
Goldschmidt,Paul,502671,2021,679,108,36,2,31,136,67,0.365,0.879,0,4,105,120,38,32,0,0,0,10,2,0,0.373,37.1,38.6,24.4,1.0,0.0,
Gonzalez,Marwin,503556,2021,307,36,14,0,5,78,20,0.274,0.578,0,9,25,85,18,17,1,1,0,3,0,0,0.259,44,35.5,20.5,0.2913907284768210,0.7086092715231790,
Darvish,Yu,506433,2021,55,3,2,0,0,25,0,0.109,0.241,0,1,1,20,3,0,0,0,0,0,0,0,0.108,34.5,34.5,31,1.0,0.0,
Leon,Sandy,506702,2021,220,28,5,0,4,65,12,0.236,0.504,0,3,41,44,7,11,0,0,0,0,0,0,0.225,43.6,30.7,25.7,0.29545454545454500,0.7045454545454550,
Altuve,Jose,514888,2021,678,103,32,1,31,91,66,0.350,0.839,0,4,89,158,45,56,1,2,0,3,2,0,0.357,49.7,35.8,14.5,1.0,0.0,
Hernandez,Cesar,514917,2021,637,88,21,2,21,135,59,0.308,0.694,0,5,81,155,50,17,1,0,0,1,0,0,0.302,35.2,41.1,23.7,0.31378763866878000,0.6862123613312200,
Segura,Jean,516416,2021,567,105,27,3,14,78,39,0.347,0.783,0,9,62,172,30,26,2,1,0,8,1,0,0.338,30.2,41.5,28.3,1.0,0.0,
Castro,Starlin,516770,2021,346,66,20,0,3,62,26,0.332,0.707,1,0,42,88,23,13,1,0,0,0,0,0,0.309,31.5,39.7,28.8,1.0,0.0,
Marte,Starling,516782,2021,526,103,27,3,12,99,43,0.382,0.840,0,13,46,140,25,14,4,5,0,42,5,0,0.364,34.2,38.8,27,1.0,0.0,
Bumgarner,Madison,518516,2021,52,3,1,0,0,29,9,0.269,0.397,0,1,3,4,1,1,0,0,0,0,0,0,0.217,61.5,15.4,23.1,1.0,0.0,
Culberson,Charlie,518586,2021,271,38,15,2,5,64,17,0.292,0.672,0,2,29,68,17,12,1,0,0,6,1,0,0.292,39.4,35.6,25,1.0,0.0,
d'Arnaud,Travis,518595,2021,229,25,14,0,7,53,17,0.284,0.671,0,2,28,65,15,3,0,0,0,0,0,0,0.291,34.4,36.3,29.3,1.0,0.0,
Donaldson,Josh,518626,2021,543,61,26,0,26,114,74,0.352,0.827,0,4,75,117,21,25,0,0,0,0,0,0,0.353,42.5,35.9,21.7,1.0,0.0,
Freeman,Freddie,518692,2021,695,122,25,2,31,107,85,0.393,0.896,0,8,98,163,40,13,3,0,0,7,0,1,0.379,36.2,37.8,26.1,0.0,1.0,
Grandal,Yasmani,518735,2021,375,35,9,0,23,82,87,0.419,0.938,0,3,31,71,14,19,0,0,0,0,0,0,0.403,44.3,36,19.7,0.2540106951871660,0.7459893048128340,
Heyward,Jason,518792,2021,353,44,15,2,8,68,27,0.280,0.627,0,3,37,101,23,25,0,0,1,5,0,0,0.275,41.2,38,20.8,0.0,1.0,
Kelly,Merrill,518876,2021,58,2,1,0,0,27,4,0.121,0.206,0,0,1,20,0,3,0,0,0,0,0,0,0.113,29.6,33.3,37,1.0,0.0,
LeMahieu,DJ,518934,2021,679,125,24,1,10,94,73,0.349,0.711,0,4,79,201,51,15,1,1,0,3,1,0,0.315,23.4,40,36.6,1.0,0.0,
Moreland,Mitch,519048,2021,252,30,11,1,10,58,18,0.286,0.701,0,2,37,62,14,9,0,0,0,0,0,0,0.300,39.7,36.2,24.1,0.0,1.0,
Moustakas,Mike,519058,2021,206,20,12,0,6,46,18,0.282,0.653,0,2,27,39,12,23,0,0,0,0,0,0,0.284,43.6,30.7,25.7,0.0,1.0,
Rizzo,Anthony,519203,2021,576,75,23,3,22,87,52,0.344,0.783,0,23,85,143,29,32,2,0,0,6,0,0,0.339,43.2,34.5,22.2,0.0,1.0,
Romine,Austin,519222,2021,62,10,2,0,1,22,2,0.242,0.542,0,0,9,12,2,2,0,0,0,0,0,0,0.237,28.9,42.1,28.9,1.0,0.0,
Sogard,Eric,519299,2021,180,34,6,1,1,30,9,0.283,0.597,0,0,32,45,13,9,1,0,0,3,0,0,0.259,26.2,41.8,31.9,0.0,1.0,
Stanton,Giancarlo,519317,2021,579,85,19,0,35,157,63,0.354,0.870,0,3,56,113,19,26,0,0,0,0,0,0,0.370,34.8,36,29.2,1.0,0.0,
Vogt,Stephen,519390,2021,238,27,6,1,7,56,26,0.282,0.615,0,0,44,45,12,13,0,0,0,0,0,0,0.270,44.2,35.3,20.5,0.0,1.0,
Galvis,Freddy,520471,2021,394,56,15,1,14,77,27,0.299,0.707,1,5,56,92,18,31,0,0,0,1,0,0,0.305,41.5,35.2,23.2,0.30025445292620900,0.6997455470737910,
Perez,Salvador,521692,2021,665,97,24,0,48,170,28,0.316,0.859,0,13,93,132,33,26,0,0,0,1,0,0,0.359,42.7,35,22.2,1.0,0.0,
Flores,Wilmer,527038,2021,436,67,16,1,18,56,41,0.335,0.782,0,3,82,96,31,24,0,0,0,1,0,0,0.337,43.8,36,20.2,1.0,0.0,
Garcia,Avisail,541645,2021,515,74,18,0,29,121,38,0.330,0.820,0,11,55,127,28,12,4,0,0,8,0,0,0.346,39.4,38.8,21.7,1.0,0.0,
Inciarte,Ender,542255,2021,89,13,2,0,2,22,7,0.270,0.586,0,0,9,25,4,5,0,0,0,1,0,0,0.262,30,43.3,26.7,0.0,1.0,
Ozuna,Marcell,542303,2021,208,27,6,0,7,46,19,0.288,0.645,0,1,34,44,13,10,0,0,0,0,0,0,0.284,36.6,38.7,24.6,1.0,0.0,
Villar,Jonathan,542340,2021,505,75,18,2,18,132,46,0.321,0.737,0,3,54,120,19,18,6,1,0,12,2,0,0.320,38,33.6,28.4,0.3121272365805170,0.6878727634194830,
Ortega,Rafael,542364,2021,330,59,14,2,11,70,30,0.358,0.820,0,2,51,53,18,20,5,0,1,9,1,2,0.355,43.4,31.6,25,0.0,1.0,
Santana,Danny,542454,2021,127,13,2,1,5,30,10,0.252,0.597,0,1,24,28,6,7,1,1,0,4,0,0,0.261,34.9,34.9,30.2,0.25196850393700800,0.7480314960629920,
Aguilar,Jesus,542583,2021,510,72,23,0,22,93,46,0.325,0.784,5,3,88,92,34,30,0,0,0,0,0,0,0.334,41.3,37.5,21.2,1.0,0.0,
Berti,Jon,542932,2021,271,34,10,1,4,61,32,0.310,0.623,0,3,17,85,17,6,4,0,0,8,0,0,0.282,29.1,36,34.9,1.0,0.0,
Crawford,Brandon,543063,2021,549,87,30,3,24,105,56,0.373,0.895,0,5,72,109,27,30,1,2,0,7,4,0,0.377,33.2,39.2,27.7,0.0,1.0,
Cron,C.J.,543068,2021,547,72,31,1,28,117,60,0.375,0.905,0,13,74,101,23,27,0,0,0,1,0,0,0.383,38.9,35.6,25.5,1.0,0.0,
DeSclafani,Anthony,543101,2021,62,1,1,0,0,33,4,0.097,0.156,0,0,1,17,2,3,0,0,0,0,0,0,0.089,16,52,32,1.0,0.0,
Dickerson,Alex,543105,2021,312,41,10,2,13,76,23,0.304,0.725,0,6,38,66,14,22,0,0,0,1,0,0,0.313,44,33.3,22.7,0.0,1.0,
Gomes,Yan,543228,2021,375,58,15,1,14,78,19,0.301,0.723,0,6,50,84,30,20,0,0,0,0,0,0,0.308,36,43.8,20.2,1.0,0.0,
Grossman,Robbie,543257,2021,671,84,23,3,23,155,98,0.356,0.771,0,8,113,93,39,29,5,0,0,19,1,0,0.337,43.9,30.7,25.4,0.3083832335329340,0.6916167664670660,
Harrison,Josh,543281,2021,558,98,33,2,8,75,31,0.341,0.741,1,18,94,130,45,22,3,3,0,8,1,0,0.325,37,40,23.1,1.0,0.0,
Hendricks,Kyle,543294,2021,61,5,1,0,0,26,2,0.131,0.266,0,0,3,22,2,0,0,0,0,0,0,0,0.130,21.2,48.5,30.3,1.0,0.0,
Hicks,Aaron,543305,2021,126,14,3,0,4,30,14,0.294,0.627,0,2,16,20,11,10,0,0,0,0,0,0,0.279,41.3,40,18.8,0.27049180327868900,0.7295081967213120,
Higashioka,Kyle,543309,2021,211,15,10,0,10,59,17,0.246,0.635,0,0,35,36,14,15,0,0,0,0,0,0,0.272,45.2,31.9,23,1.0,0.0,
Hosmer,Eric,543333,2021,565,97,28,0,12,99,48,0.336,0.731,0,5,48,173,31,24,4,0,0,5,0,0,0.319,26.4,42.9,30.8,0.0,1.0,
McCann,James,543510,2021,412,64,12,1,10,115,32,0.294,0.643,0,2,45,104,16,9,1,1,0,1,0,0,0.281,35.4,39.2,25.5,1.0,0.0,
Miller,Brad,543543,2021,377,43,9,3,20,112,45,0.321,0.774,0,1,36,71,22,15,0,0,0,2,1,0,0.331,37.4,42,20.5,0.0,1.0,
Nola,Austin,543592,2021,194,33,12,0,2,19,14,0.340,0.716,0,5,28,49,12,20,1,0,0,0,0,0,0.316,39.1,35.9,25,1.0,0.0,
Rendon,Anthony,543685,2021,249,33,13,0,6,41,29,0.329,0.712,0,1,47,45,14,20,0,0,0,0,0,0,0.310,41.6,29.8,28.7,1.0,0.0,
Semien,Marcus,543760,2021,724,87,39,2,45,146,66,0.334,0.873,0,3,129,118,43,46,1,0,0,14,2,0,0.368,47,33.6,19.4,1.0,0.0,
Shaw,Travis,543768,2021,250,24,11,0,9,68,24,0.284,0.657,0,3,32,44,17,18,0,0,0,0,0,0,0.289,38.7,36.1,25.2,0.0,1.0,
SpringerIII,George,543807,2021,342,37,19,1,22,79,37,0.351,0.906,1,4,38,58,20,25,0,1,0,3,1,0,0.381,46.6,33.5,19.9,1.0,0.0,
Vazquez,Christian,543877,2021,498,88,23,1,6,84,33,0.307,0.659,0,2,84,122,27,27,3,2,0,6,2,0,0.289,28.8,38.3,33,1.0,0.0,
Wong,Kolten,543939,2021,492,73,32,2,14,83,31,0.335,0.783,0,13,69,119,33,20,5,0,0,11,1,0,0.337,37.8,37,25.2,0.0,1.0,
Gregorius,Didi,544369,2021,408,46,16,2,13,67,25,0.270,0.639,0,8,63,95,27,43,0,0,0,3,0,0,0.275,44.5,32.5,23.1,0.0,1.0,
Garcia,Leury,544725,2021,474,80,22,4,5,97,41,0.329,0.705,0,4,46,136,30,8,1,1,0,5,1,0,0.312,34.9,39.8,25.3,0.29324894514767900,0.7067510548523210,
Vargas,Ildemaro,545121,2021,83,8,3,1,0,17,6,0.217,0.438,0,0,8,30,6,4,0,0,0,1,0,0,0.192,33.3,50,16.7,0.4268292682926830,0.573170731707317,
Grichuk,Randal,545341,2021,545,75,25,1,22,114,27,0.281,0.703,0,3,90,120,24,44,3,0,0,0,0,0,0.300,36.4,37.4,26.2,1.0,0.0,
Marisnick,Jake,545350,2021,198,23,7,3,5,65,11,0.283,0.658,0,7,17,34,13,12,1,0,0,3,1,0,0.287,34.8,37.4,27.8,1.0,0.0,
Stassi,Max,545358,2021,319,43,11,1,13,101,28,0.326,0.752,0,8,30,65,10,9,0,0,0,0,0,0,0.327,40.7,39.6,19.8,1.0,0.0,
Trout,Mike,545361,2021,146,22,8,1,8,41,27,0.466,1.090,0,2,8,20,5,4,0,0,0,1,1,0,0.451,46.1,39.5,14.5,1.0,0.0,
Herrera,Odubel,546318,2021,492,75,27,2,13,77,29,0.309,0.724,1,6,52,143,41,24,1,0,0,6,0,0,0.312,31.1,41.4,27.4,0.0,1.0,
Alford,Anthony,546990,2021,148,19,6,1,5,58,12,0.311,0.717,0,3,20,17,6,1,5,1,0,5,0,0,0.310,41.3,36,22.7,1.0,0.0,
AlmoraJr.,Albert,546991,2021,54,3,3,0,0,17,2,0.148,0.321,0,0,4,18,3,4,0,0,0,0,0,0,0.143,40,37.1,22.9,1.0,0.0,
Ruiz,Rio,547004,2021,141,14,4,0,3,38,12,0.241,0.513,0,1,21,38,3,5,0,0,0,1,1,0,0.231,36.7,36.7,26.7,0.0,1.0,
Harper,Bryce,547180,2021,599,73,42,1,35,134,100,0.427,1.042,0,5,58,112,22,16,3,0,0,7,5,1,0.431,36.1,35.6,28.3,0.0,1.0,
Perez,Roberto,547379,2021,161,11,3,0,7,56,17,0.242,0.561,0,1,15,39,9,3,0,0,0,1,0,0,0.251,34.5,41.4,24.1,1.0,0.0,
Abreu,Jose,547989,2021,659,86,30,2,30,143,61,0.351,0.831,0,22,74,156,29,22,0,0,0,1,0,0,0.354,35.1,41.3,23.6,1.0,0.0,
Diaz,Elias,553869,2021,371,46,18,1,18,60,30,0.310,0.774,0,2,49,94,26,26,0,0,0,0,0,0,0.330,37.6,35.8,26.5,1.0,0.0,
Narvaez,Omar,553882,2021,445,73,20,0,11,84,41,0.342,0.743,0,7,73,81,30,22,0,0,0,0,0,0,0.322,37.1,36.4,26.5,0.0,1.0,
Astudillo,Willians,553902,2021,216,34,8,0,7,12,3,0.259,0.634,0,4,35,68,19,26,0,0,0,0,0,0,0.272,35.5,38.6,25.9,1.0,0.0,
Suarez,Eugenio,553993,2021,574,46,23,0,31,171,56,0.286,0.713,0,8,82,104,27,26,1,0,0,0,0,0,0.306,46.3,32.4,21.2,1.0,0.0,
Wheeler,Zack,554430,2021,73,9,2,0,0,39,0,0.151,0.342,0,0,2,19,2,0,0,0,0,0,0,0,0.153,17.6,38.2,44.1,0.0,1.0,
Polanco,Gregory,570256,2021,382,45,12,2,11,104,36,0.283,0.637,0,2,41,73,23,28,1,0,0,14,0,0,0.275,43.8,36.3,20,0.0,1.0,
Gonzalez,Erik,570481,2021,229,41,7,1,2,40,8,0.258,0.558,0,0,18,87,20,5,2,0,0,2,0,0,0.244,27.6,43.6,28.7,1.0,0.0,
Urshela,Gio,570482,2021,442,78,18,2,14,109,20,0.301,0.720,0,1,55,109,29,7,0,0,0,1,0,0,0.309,31.1,40.4,28.5,1.0,0.0,
Schoop,Jonathan,570731,2021,674,120,30,1,22,133,37,0.320,0.755,0,6,65,174,37,47,0,0,0,1,1,0,0.324,35.9,39,25.1,1.0,0.0,
Arenado,Nolan,571448,2021,653,80,34,3,34,96,50,0.312,0.807,0,3,123,127,46,55,0,0,0,2,0,0,0.336,45.8,33.3,20.8,1.0,0.0,
Barnhart,Tucker,571466,2021,388,58,21,0,7,100,29,0.317,0.685,0,8,55,78,17,13,0,0,0,0,0,0,0.300,41.4,33.1,25.5,0.0,1.0,
Corbin,Patrick,571578,2021,63,7,0,0,0,24,3,0.159,0.291,0,0,3,24,2,0,0,0,0,0,0,0,0.147,11.1,50,38.9,0.0,1.0,
Farmer,Kyle,571657,2021,529,87,22,2,16,97,22,0.316,0.732,0,18,77,116,36,33,2,0,1,2,0,0,0.316,35.5,39.5,25,1.0,0.0,
Goodwin,Brian,571718,2021,271,33,10,1,8,58,33,0.317,0.692,0,1,42,51,21,13,0,0,0,1,0,0,0.306,48.6,29.6,21.8,0.0,1.0,
Hamilton,Billy,571740,2021,135,15,8,3,2,47,4,0.237,0.615,0,0,16,22,8,10,0,0,0,2,6,1,0.262,41.7,32.1,26.2,0.6444444444444450,0.35555555555555600,
Haniger,Mitch,571745,2021,691,93,23,2,39,169,54,0.318,0.804,0,9,83,149,31,36,0,0,0,0,1,0,0.340,44.7,35.5,19.8,1.0,0.0,
Hernandez,Enrique,571771,2021,585,69,35,3,20,110,61,0.337,0.786,0,9,105,103,32,36,0,0,0,1,0,0,0.338,42.5,31.9,25.7,1.0,0.0,
Holt,Brock,571788,2021,260,33,13,1,2,49,23,0.281,0.579,0,1,33,76,18,11,1,0,0,3,1,1,0.259,41.7,32.6,25.7,0.0,1.0,
Lamb,Jake,571875,2021,170,17,4,0,7,51,22,0.306,0.674,0,2,17,31,8,11,0,0,0,0,0,0,0.298,51.6,29.5,18.9,0.0,1.0,
Muncy,Max,571970,2021,592,60,26,2,36,120,83,0.368,0.895,0,11,81,126,26,20,1,0,0,2,0,0,0.379,38.9,39.4,21.7,0.0,1.0,
Myers,Wil,571976,2021,500,70,24,2,17,141,54,0.334,0.768,0,0,58,101,14,19,5,0,0,7,1,0,0.330,37.7,42.3,20,1.0,0.0,
Naquin,Tyler,571980,2021,454,66,24,2,19,106,35,0.333,0.809,0,5,51,106,23,17,3,0,0,5,0,0,0.345,40.9,34.7,24.4,0.0,1.0,
Owings,Chris,572008,2021,50,6,4,3,1,15,7,0.420,1.048,0,0,5,8,0,1,1,0,0,2,0,0,0.431,42.9,32.1,25,1.0,0.0,
Piscotty,Stephen,572039,2021,188,25,8,0,5,48,13,0.282,0.635,0,2,27,40,7,13,0,0,0,1,0,0,0.279,40.8,29.6,29.6,1.0,0.0,
Pollock,AJ,572041,2021,422,65,27,1,21,80,30,0.355,0.892,0,6,59,86,30,17,0,1,0,5,4,0,0.375,38.2,39.2,22.5,1.0,0.0,
Seager,Kyle,572122,2021,670,63,29,1,35,161,59,0.285,0.723,0,4,119,117,39,40,1,0,0,2,1,0,0.308,43.3,33,23.8,0.0,1.0,
Taylor,MichaelA.,572191,2021,528,89,16,1,12,144,33,0.295,0.652,0,5,75,113,26,13,5,1,1,11,3,0,0.286,32.4,41.9,25.7,1.0,0.0,
VoitIII,Luke,572228,2021,241,32,7,1,11,74,21,0.328,0.764,0,7,28,48,6,6,0,0,0,0,0,0,0.332,46,32.4,21.6,1.0,0.0,
Walker,Christian,572233,2021,445,64,23,1,10,106,38,0.315,0.696,0,4,64,85,26,24,0,0,0,0,0,0,0.304,38.4,33.3,28.3,1.0,0.0,
Zunino,Mike,572287,2021,375,26,11,2,33,132,34,0.301,0.860,0,7,33,53,10,32,0,0,0,0,0,0,0.358,55,28.2,16.8,1.0,0.0,
Carpenter,Matt,572761,2021,249,20,11,1,3,77,35,0.305,0.581,0,6,47,32,11,5,0,0,0,1,1,0,0.269,42.7,37.4,19.8,0.0,1.0,
Dickerson,Corey,572816,2021,365,62,18,5,6,68,25,0.326,0.734,0,3,41,96,21,20,3,2,0,5,1,0,0.317,36.4,35.3,28.3,0.0,1.0,
Garneau,Dustin,572863,2021,68,2,5,0,6,18,3,0.250,0.831,0,1,7,16,3,6,0,0,0,0,0,0,0.335,52.2,28.3,19.6,1.0,0.0,
Ruf,Darin,573131,2021,312,40,13,2,16,87,46,0.385,0.904,0,3,23,60,16,6,1,0,0,2,0,0,0.384,40.3,36.9,22.7,1.0,0.0,
Stroman,Marcus,573186,2021,58,3,2,0,0,24,4,0.155,0.292,0,0,2,18,3,2,0,0,0,1,0,0,0.143,33.3,46.7,20,1.0,0.0,
Yastrzemski,Mike,573262,2021,532,49,28,3,25,131,51,0.310,0.767,0,9,85,99,25,27,0,0,0,4,0,0,0.326,46.3,33.1,20.5,0.0,1.0,
Contreras,Willson,575929,2021,483,57,20,0,21,138,52,0.340,0.778,0,14,46,104,18,13,4,0,0,5,0,0,0.337,37.3,37.6,25.1,1.0,0.0,
Iglesias,Jose,578428,2021,511,93,27,2,9,75,21,0.309,0.701,0,6,73,134,43,27,2,0,0,4,1,0,0.304,32.3,44.3,23.5,1.0,0.0,
Torreyes,Ronald,591720,2021,344,59,10,1,7,41,19,0.282,0.628,0,1,53,105,27,20,1,0,0,2,0,0,0.274,38.2,37.5,24.4,1.0,0.0,
Valera,Breyvic,591971,2021,97,15,6,0,1,12,8,0.309,0.666,0,0,14,22,12,6,0,0,0,1,0,0,0.293,36.4,37.7,26,0.26804123711340200,0.7319587628865980,
Bryant,Kris,592178,2021,586,77,32,2,25,135,62,0.353,0.835,0,9,73,113,34,22,2,0,0,10,0,0,0.356,38.2,38.9,22.9,1.0,0.0,
Canha,Mark,592192,2021,625,77,22,4,17,128,77,0.358,0.746,0,27,73,133,38,28,2,0,0,7,5,0,0.333,39.7,36.4,23.9,1.0,0.0,
Casali,Curt,592200,2021,231,25,11,1,5,66,26,0.312,0.662,0,4,35,33,8,17,0,0,0,0,0,0,0.289,54.1,29.6,16.3,1.0,0.0,
Castellanos,Nick,592206,2021,585,91,38,1,34,121,41,0.362,0.939,0,7,79,117,38,15,1,0,0,3,0,0,0.391,39.2,35.8,25,1.0,0.0,
DeShields,Delino,592261,2021,58,6,5,0,1,11,9,0.362,0.788,0,0,11,13,2,0,0,1,0,2,0,0,0.352,34.2,50,15.8,1.0,0.0,
Drury,Brandon,592273,2021,88,14,5,0,4,22,3,0.307,0.783,0,1,7,24,2,6,0,0,0,0,0,0,0.333,41.9,40.3,17.7,1.0,0.0,
Gamel,Ben,592325,2021,400,55,18,3,8,105,51,0.345,0.733,0,3,57,60,25,13,6,0,0,3,0,0,0.322,39,38.2,22.8,0.0,1.0,
Gausman,Kevin,592332,2021,62,10,0,0,0,31,2,0.194,0.379,0,0,2,16,1,0,0,0,0,0,0,0,0.178,17.2,48.3,34.5,0.0,1.0,
Goodrum,Niko,592348,2021,325,40,11,2,9,107,29,0.292,0.651,0,4,45,61,12,5,4,1,0,11,3,0,0.286,38.4,38.9,22.7,0.3323076923076920,0.6676923076923080,
Gray,Jon,592351,2021,50,5,0,0,0,32,0,0.100,0.206,0,0,2,8,1,2,0,0,0,0,0,0,0.094,11.1,61.1,27.8,1.0,0.0,
Jones,JaCoby,592444,2021,105,13,2,0,2,42,5,0.210,0.460,0,0,11,22,6,2,2,0,0,2,0,0,0.204,31,39.7,29.3,1.0,0.0,
Judge,Aaron,592450,2021,633,95,24,0,39,158,75,0.373,0.916,0,3,71,127,29,9,1,1,0,6,0,0,0.387,35.8,37.3,27,1.0,0.0,
Machado,Manny,592518,2021,640,96,31,2,28,102,63,0.347,0.836,0,2,92,136,42,40,3,2,0,12,0,0,0.350,38.3,40,21.8,1.0,0.0,
Marmolejos,Jose,592530,2021,122,9,4,0,4,39,15,0.262,0.574,0,0,17,18,6,10,0,0,0,0,0,0,0.256,42.6,26.5,30.9,0.0,1.0,
Moran,Colin,592567,2021,359,60,12,0,10,87,36,0.334,0.724,0,2,35,96,12,9,0,0,0,1,0,0,0.318,32.5,42.7,24.8,0.0,1.0,
Pederson,Joc,592626,2021,481,62,19,3,18,117,39,0.310,0.732,0,8,72,96,22,24,3,0,0,2,0,0,0.315,34.4,39.7,25.9,0.0,1.0,
Ramos,Henry,592656,2021,55,7,2,0,1,12,4,0.255,0.555,0,0,8,14,4,3,0,0,0,0,0,0,0.244,35.9,35.9,28.2,0.4909090909090910,0.509090909090909,
Realmuto,J.T.,592663,2021,537,79,25,4,17,129,48,0.343,0.782,0,11,59,114,31,20,2,0,1,11,1,1,0.336,31.5,35.8,32.7,1.0,0.0,
Renfroe,Hunter,592669,2021,572,71,33,0,31,130,44,0.315,0.816,0,1,68,122,23,45,2,0,0,1,0,0,0.344,41.8,31.7,26.4,1.0,0.0,
Rosario,Eddie,592696,2021,412,62,19,3,14,61,26,0.303,0.739,0,1,73,103,24,26,1,2,0,10,1,0,0.316,40.1,35.2,24.7,0.0,1.0,
Simmons,Andrelton,592743,2021,451,77,12,0,3,62,32,0.282,0.556,0,3,49,156,33,24,0,0,0,1,0,0,0.252,37,42.1,20.9,1.0,0.0,
Walker,Taijuan,592836,2021,51,5,0,0,0,29,1,0.137,0.244,0,1,1,13,0,0,0,0,0,0,0,0,0.119,20,35,45,0.6862745098039220,0.3137254901960780,
Wilkerson,Stevie,592859,2021,76,9,3,0,0,30,3,0.211,0.419,0,1,6,20,2,2,0,0,0,2,0,0,0.190,38.1,42.9,19,0.07894736842105260,0.9210526315789470,
Yelich,Christian,592885,2021,475,69,19,2,9,113,70,0.362,0.736,0,3,38,111,29,10,3,0,0,9,0,0,0.325,33.9,36.3,29.8,0.0,1.0,
Merrifield,Whit,593160,2021,720,129,42,3,10,103,40,0.317,0.711,0,4,123,169,62,32,3,1,0,23,16,1,0.306,34,34.2,31.8,1.0,0.0,
Bogaerts,Xander,593428,2021,603,98,34,1,23,113,62,0.370,0.863,0,5,71,131,33,28,0,1,0,2,3,0,0.368,41.6,35,23.4,1.0,0.0,
Rivas,Webster,593590,2021,77,11,2,0,2,16,8,0.299,0.637,0,0,6,26,1,4,0,0,0,0,0,0,0.286,39.6,32.1,28.3,1.0,0.0,
Alberto,Hanser,593643,2021,255,40,20,3,2,26,4,0.286,0.689,0,4,45,66,21,22,1,0,0,4,0,0,0.296,39.8,39.4,20.8,1.0,0.0,
Polanco,Jorge,593871,2021,644,88,35,2,33,118,45,0.323,0.826,0,5,115,127,39,34,6,0,0,8,3,0,0.349,51.9,29.6,18.5,0.327639751552795,0.672360248447205,
Sano,Miguel,593934,2021,532,51,24,0,30,183,59,0.312,0.778,0,2,54,86,18,24,1,0,0,1,1,0,0.332,43.8,30.2,26,1.0,0.0,
Difo,Wilmer,594694,2021,240,45,7,3,4,54,20,0.329,0.713,0,0,30,48,15,14,0,0,0,1,0,0,0.312,36.7,34.3,28.9,0.2791666666666670,0.7208333333333330,
Calhoun,Kole,594777,2021,182,26,8,0,5,41,15,0.297,0.670,0,0,27,38,9,12,0,0,0,0,1,0,0.292,46,27.8,26.2,0.0,1.0,
Duvall,Adam,594807,2021,555,60,17,2,38,174,35,0.281,0.772,0,4,86,82,18,39,0,0,0,4,1,0,0.324,46.8,35.4,17.8,1.0,0.0,
Eaton,Adam,594809,2021,288,33,10,2,6,71,22,0.278,0.605,0,7,32,80,18,6,0,0,0,3,0,0,0.271,29.8,39.9,30.3,0.0,1.0,
Gosselin,Phil,594838,2021,373,69,14,0,7,81,24,0.314,0.676,0,3,55,81,25,14,2,0,0,4,0,0,0.297,28.7,41.1,30.2,1.0,0.0,
Kiermaier,Kevin,595281,2021,390,60,19,7,4,99,33,0.328,0.716,0,5,32,99,22,9,5,0,0,8,1,0,0.310,31.2,45.1,23.7,0.0,1.0,
Knapp,Andrew,595284,2021,159,17,3,0,2,61,10,0.214,0.428,0,2,22,30,8,4,0,0,0,0,0,0,0.196,38.4,30.2,31.4,0.3057324840764330,0.6942675159235670,
Wallach,Chad,595453,2021,66,9,2,1,0,32,3,0.242,0.509,0,1,7,10,1,0,0,0,0,0,0,0,0.224,23.3,33.3,43.3,1.0,0.0,
Alfaro,Jorge,595751,2021,311,52,15,1,4,99,11,0.283,0.625,0,5,23,81,16,4,1,0,0,8,0,0,0.274,26.5,45.4,28.1,1.0,0.0,
Profar,Jurickson,595777,2021,412,57,17,2,4,65,49,0.328,0.648,1,6,47,101,27,36,4,1,0,9,1,0,0.293,35.7,34.4,29.9,0.21897810218978100,0.781021897810219,
Baez,Javier,595879,2021,547,82,18,2,31,184,28,0.318,0.812,1,13,43,105,15,25,4,1,0,13,5,0,0.344,40.2,37.7,22.1,0.998165137614679,0.001834862385321100,
Cave,Jake,595909,2021,178,21,6,1,3,62,10,0.247,0.540,0,3,11,46,11,4,1,0,0,1,0,0,0.241,33,39.8,27.2,0.0,1.0,
Evans,Phillip,595943,2021,247,34,5,0,5,53,28,0.312,0.611,0,5,20,71,16,10,0,0,0,1,0,0,0.278,34.8,40.4,24.8,1.0,0.0,
Gallagher,Cam,595956,2021,124,21,6,0,1,20,8,0.290,0.621,1,0,14,30,16,7,0,0,0,0,0,0,0.276,40,29.5,30.5,1.0,0.0,
Hedges,Austin,595978,2021,312,34,7,0,10,87,15,0.215,0.522,0,1,46,67,19,26,0,0,0,1,0,0,0.227,44,32.5,23.4,1.0,0.0,
Lindor,Francisco,596019,2021,524,65,16,3,20,96,58,0.319,0.730,0,5,82,124,30,24,4,0,0,9,1,0,0.317,39.5,37.3,23.3,0.31346153846153800,0.6865384615384620,
NogowskiJr.,John,596056,2021,143,22,7,0,1,22,12,0.301,0.611,0,1,31,31,12,4,1,0,0,0,0,0,0.273,42.6,34.3,23.1,1.0,0.0,
Odor,Rougned,596059,2021,361,38,12,0,15,100,27,0.285,0.664,0,11,51,73,7,26,1,0,0,0,0,0,0.289,51.6,26.9,21.5,0.0,1.0,
Slater,Austin,596103,2021,306,41,12,1,12,84,28,0.320,0.744,0,4,26,81,15,2,2,1,0,14,1,0,0.321,34.7,39.5,25.8,1.0,0.0,
Story,Trevor,596115,2021,595,69,34,5,24,139,53,0.329,0.801,0,11,86,111,28,33,6,0,0,19,1,0,0.341,33.9,37.5,28.6,1.0,0.0,
Vogelbach,Daniel,596129,2021,258,30,8,0,9,57,43,0.349,0.730,0,0,31,61,10,9,0,0,0,0,0,0,0.323,35.4,38.6,25.9,0.0,1.0,
Sanchez,Gary,596142,2021,440,41,13,1,23,121,52,0.307,0.730,0,5,55,78,19,32,0,0,0,0,0,0,0.314,54.6,26.3,19.1,1.0,0.0,
Kepler,Max,596146,2021,490,46,21,4,19,96,54,0.306,0.719,0,6,66,104,42,31,0,0,0,10,0,0,0.309,41.9,36.8,21.3,0.0,1.0,
Quinn,Roman,596451,2021,62,5,2,2,0,19,6,0.306,0.595,0,4,3,13,4,4,1,2,0,2,2,0,0.275,54.5,30.3,15.2,0.45161290322580600,0.5483870967741940,
Franco,Maikel,596748,2021,403,46,22,0,11,67,20,0.253,0.609,0,3,52,126,26,28,0,0,0,0,0,0,0.263,42.8,34.8,22.4,1.0,0.0,
Garcia,Robel,596825,2021,117,12,3,0,1,42,8,0.214,0.421,0,1,16,26,3,5,0,0,0,0,0,0,0.194,42.4,36.4,21.2,0.19658119658119700,0.8034188034188040,
Choi,Ji-Man,596847,2021,305,34,14,0,11,87,45,0.348,0.758,0,2,26,54,18,14,0,0,0,0,0,0,0.334,37.4,35.7,26.9,0.0,1.0,
BradleyJr.,Jackie,598265,2021,428,40,14,3,6,132,28,0.236,0.497,0,10,45,111,22,17,1,0,0,6,1,0,0.224,36.4,44.2,19.4,0.0,1.0,
LaStella,Tommy,600303,2021,242,36,11,1,7,26,18,0.306,0.710,2,1,40,73,18,9,0,1,0,0,0,0,0.307,41.5,40.5,17.9,0.0,1.0,
Severino,Pedro,600474,2021,419,65,18,0,11,109,34,0.308,0.690,0,1,43,81,22,32,0,0,0,0,0,0,0.299,43.3,30.9,25.8,1.0,0.0,
Nunez,Renato,600524,2021,55,3,3,0,4,16,1,0.218,0.690,0,1,6,17,1,3,0,0,0,0,0,0,0.287,48.6,27,24.3,1.0,0.0,
Candelario,Jeimer,600869,2021,626,90,42,3,16,135,65,0.351,0.795,0,4,76,135,40,20,0,0,0,0,0,0,0.344,40.8,35.8,23.5,0.2768,0.7232,
Daza,Yonathan,602074,2021,331,69,12,2,2,60,21,0.326,0.682,0,2,40,99,20,3,1,0,0,2,0,0,0.304,31,36.7,32.3,1.0,0.0,
Urias,Ramon,602104,2021,296,52,14,0,7,76,28,0.361,0.774,0,6,25,69,10,9,2,0,0,1,0,0,0.341,31.7,36.6,31.7,1.0,0.0,
Rondon,Jose,602922,2021,90,15,3,0,3,17,8,0.322,0.735,0,0,14,15,6,9,0,0,0,2,0,0,0.316,44.6,36.9,18.5,1.0,0.0,
Ahmed,Nick,605113,2021,473,58,30,3,5,104,34,0.279,0.618,0,2,62,126,24,24,2,0,0,5,2,0,0.269,38.7,37.2,24,1.0,0.0,
Anderson,Brian,605119,2021,264,42,9,0,7,65,26,0.337,0.715,0,5,30,58,13,9,0,0,0,5,0,0,0.314,32.1,36.9,31,1.0,0.0,
Barnes,Austin,605131,2021,225,29,8,0,6,56,20,0.298,0.643,0,4,34,47,12,9,0,1,0,0,1,0,0.285,37.9,41.4,20.7,1.0,0.0,
Bell,Josh,605137,2021,568,78,24,1,27,101,65,0.347,0.823,0,2,58,175,26,9,0,0,0,0,0,0,0.352,36.8,39.3,24,0.32085561497326200,0.679144385026738,
Betts,Mookie,605141,2021,550,68,29,3,23,86,68,0.367,0.854,0,11,95,105,26,33,5,0,0,7,3,0,0.365,45.2,32.2,22.6,1.0,0.0,
Caratini,Victor,605170,2021,356,55,9,0,7,82,35,0.309,0.632,0,4,40,95,16,11,0,0,0,1,0,1,0.273,34.5,40,25.5,0.21264367816092000,0.7873563218390800,
Davis,J.D.,605204,2021,211,34,12,0,5,68,24,0.384,0.820,0,6,17,30,8,7,0,0,0,1,0,0,0.357,33.6,38.1,28.3,1.0,0.0,
Garcia,Aramis,605244,2021,94,14,1,0,3,28,1,0.234,0.552,0,3,11,26,3,4,0,0,0,0,0,0,0.244,41.9,38.7,19.4,1.0,0.0,
Musgrove,Joe,605397,2021,57,5,2,0,0,23,1,0.140,0.317,0,0,5,15,2,4,0,0,0,0,0,0,0.143,33.3,42.4,24.2,1.0,0.0,
Nola,Aaron,605400,2021,63,5,2,0,0,29,6,0.206,0.390,0,0,1,18,1,0,0,0,0,0,0,0,0.197,14.3,46.4,39.3,1.0,0.0,
Panik,Joe,605412,2021,257,37,9,0,3,34,17,0.265,0.548,0,2,31,80,24,19,0,0,0,2,0,0,0.244,31.4,40.7,27.9,0.0,1.0,
Perez,Michael,605421,2021,231,14,8,1,7,68,19,0.221,0.511,0,2,33,59,11,9,1,0,0,0,0,0,0.225,38.7,44.4,16.9,0.0,1.0,
Woodruff,Brandon,605540,2021,58,6,0,0,0,28,3,0.155,0.271,0,0,2,14,3,2,0,0,0,0,0,0,0.134,33.3,33.3,33.3,0.0,1.0,
Zimmer,Bradley,605548,2021,348,50,9,1,8,122,30,0.325,0.669,0,15,30,60,13,9,3,0,0,14,1,0,0.300,38.1,37,24.9,0.0,1.0,
Castro,Harold,605612,2021,339,72,13,1,3,72,14,0.307,0.666,0,1,50,85,24,2,1,0,0,1,0,0,0.291,25.8,46,28.2,0.0,1.0,
Arcia,Orlando,606115,2021,89,11,3,0,2,19,7,0.258,0.567,0,0,11,26,3,6,0,0,0,1,0,0,0.245,34.9,47.6,17.5,1.0,0.0,
Tapia,Raimel,606132,2021,533,99,26,2,6,70,40,0.326,0.698,0,1,38,216,23,11,5,1,0,19,1,0,0.305,26.5,41.5,32,0.0,1.0,
Aquino,Aristides,606157,2021,204,16,6,1,10,75,27,0.299,0.707,0,1,24,21,7,14,2,0,0,2,0,0,0.303,47.5,30.7,21.8,1.0,0.0,
Hernandez,Teoscar,606192,2021,595,102,29,0,32,148,36,0.346,0.870,0,7,73,110,36,21,4,0,0,11,1,0,0.369,40.6,33.4,26,1.0,0.0,
Mercedes,Yermin,606213,2021,262,48,9,1,7,46,20,0.328,0.732,0,1,43,58,12,16,1,0,0,0,0,0,0.317,35.4,33.8,30.8,1.0,0.0,
Peraza,Jose,606299,2021,154,16,7,0,6,26,9,0.266,0.647,0,3,33,30,10,14,0,0,0,1,0,0,0.280,42.2,37.9,19.8,1.0,0.0,
Marte,Ketel,606466,2021,374,64,29,1,14,60,31,0.377,0.909,0,2,40,88,22,21,0,0,0,2,0,0,0.385,37,36.3,26.7,0.3018867924528300,0.6981132075471700,
Greiner,Grayson,606988,2021,82,12,4,0,1,31,9,0.317,0.650,0,0,8,12,3,2,0,0,0,0,0,0,0.293,47.6,23.8,28.6,1.0,0.0,
Haase,Eric,606992,2021,381,46,12,1,22,119,26,0.286,0.745,0,2,48,71,15,18,0,0,0,2,0,0,0.316,44,30.8,25.2,1.0,0.0,
Nimmo,Brandon,607043,2021,386,67,17,3,8,79,54,0.399,0.836,0,5,34,84,21,14,4,0,0,5,0,0,0.370,32.7,35.1,32.3,0.0,1.0,
Peterson,Jace,607054,2021,302,46,11,1,6,68,38,0.348,0.714,0,3,44,63,11,10,0,1,0,10,0,0,0.318,31.1,42,26.9,0.0,1.0,
Turner,Trea,607208,2021,646,130,34,3,28,110,41,0.375,0.911,0,6,78,141,43,30,5,0,0,25,7,0,0.386,36.6,37.6,25.6,1.0,0.0,
Smith,Kevan,607345,2021,106,13,3,0,0,31,10,0.245,0.445,1,0,11,28,7,2,0,0,0,0,0,0,0.196,43.8,37.5,18.8,1.0,0.0,
Beaty,Matt,607461,2021,234,43,4,1,7,44,20,0.363,0.765,0,10,29,50,12,14,2,0,0,2,0,0,0.339,41.3,35.6,23.1,0.0,1.0,
Blandino,Alex,607468,2021,82,10,4,0,0,28,8,0.317,0.574,0,4,7,14,1,6,0,0,0,0,1,0,0.270,33.3,38.1,28.6,1.0,0.0,
Pillar,Kevin,607680,2021,347,47,11,2,15,81,11,0.277,0.692,0,10,56,61,19,32,3,0,0,3,0,1,0.296,42,34.3,23.7,1.0,0.0,
Stallings,Jacob,607732,2021,427,63,20,1,8,85,49,0.335,0.704,0,2,48,101,34,14,0,0,0,0,0,0,0.312,35.1,44,21,1.0,0.0,
Ramirez,Jose,608070,2021,636,74,32,5,36,87,72,0.355,0.893,0,7,90,130,40,59,4,0,0,22,5,0,0.372,54.7,30.2,15.1,0.3279742765273310,0.6720257234726690,
Bregman,Alex,608324,2021,400,65,17,0,12,53,44,0.355,0.777,0,4,61,91,28,25,0,0,0,1,0,0,0.336,48.2,33.1,18.7,1.0,0.0,
Fried,Max,608331,2021,67,12,3,0,0,18,4,0.284,0.611,0,0,3,22,5,0,0,0,0,0,0,0,0.289,15.6,53.3,31.1,0.0,1.0,
Gallo,Joey,608336,2021,616,47,13,1,38,213,111,0.351,0.808,0,6,58,80,14,35,0,0,0,5,1,0,0.348,43,34.3,22.7,0.0,1.0,
Kelly,Carson,608348,2021,359,48,11,1,13,74,44,0.343,0.754,0,6,59,63,18,21,0,0,0,0,0,0,0.328,38.3,32.3,29.4,1.0,0.0,
Seager,Corey,608369,2021,409,67,22,3,16,66,48,0.394,0.915,0,5,53,100,17,11,1,0,0,0,1,0,0.389,33.8,42.1,24.1,0.0,1.0,
Winker,Jesse,608385,2021,485,72,32,1,24,75,53,0.394,0.949,0,9,55,118,26,20,0,0,0,1,0,0,0.403,37.9,37.4,24.7,0.0,1.0,
Marquez,German,608566,2021,60,8,5,0,1,13,0,0.233,0.648,0,0,4,21,6,2,0,0,0,0,0,0,0.288,23.4,48.9,27.7,1.0,0.0,
Mazara,Nomar,608577,2021,181,25,5,2,3,45,15,0.276,0.597,0,0,25,45,10,6,0,0,0,0,0,0,0.264,30.6,40.5,28.9,0.0,1.0,
Murphy,Tom,608596,2021,325,37,8,0,11,99,40,0.302,0.652,3,2,36,54,12,22,0,0,0,0,0,0,0.291,44.8,34.8,20.4,1.0,0.0,
Jankowski,Travis,608671,2021,157,24,6,2,1,29,22,0.357,0.708,1,1,19,36,12,3,0,0,0,5,0,0,0.312,27.9,35.6,36.5,0.0,1.0,
Mayfield,Jack,608686,2021,290,33,15,0,10,68,17,0.269,0.656,0,3,39,63,14,27,0,0,1,5,0,0,0.284,35.1,33.2,31.7,1.0,0.0,
Plawecki,Kevin,608700,2021,173,35,7,0,3,26,12,0.347,0.735,0,3,28,36,11,12,0,0,0,0,0,0,0.325,34.1,34.8,31.1,1.0,0.0,
Refsnyder,Rob,608701,2021,157,25,7,0,2,40,17,0.325,0.663,0,0,20,32,10,4,0,0,0,1,0,0,0.296,40,37,23,1.0,0.0,
Mondesi,Adalberto,609275,2021,136,14,8,1,6,43,6,0.265,0.717,0,1,14,28,3,12,0,1,0,9,6,0,0.306,39.5,44.2,16.3,0.3014705882352940,0.6985294117647060,
Andujar,Miguel,609280,2021,162,31,2,0,6,28,7,0.284,0.667,0,0,19,51,11,7,1,0,0,0,0,0,0.288,29.1,43.3,27.6,1.0,0.0,
Vosler,Jason,613564,2021,82,6,4,0,3,21,7,0.256,0.612,0,1,12,21,0,7,0,0,0,2,0,0,0.261,37.7,41.5,20.8,0.0,1.0,
Cordero,Franchy,614173,2021,136,17,6,0,1,51,8,0.235,0.495,0,0,11,33,5,4,1,0,0,1,0,0,0.222,31.2,32.5,36.4,0.0,1.0,
Reyes,Franmil,614177,2021,466,56,18,2,30,149,43,0.324,0.846,0,2,37,94,15,19,0,1,0,4,0,0,0.354,37.5,40.4,22.1,1.0,0.0,
Torrens,Luis,620443,2021,378,51,16,2,15,99,28,0.299,0.730,0,1,34,102,18,11,0,0,0,0,0,0,0.311,29.6,43.6,26.8,1.0,0.0,
Robertson,Daniel,621002,2021,90,8,2,0,2,28,12,0.300,0.574,0,3,12,20,2,1,0,0,0,0,0,0,0.265,36.2,40.4,23.4,1.0,0.0,
MartinJr.,Richie,621006,2021,105,20,2,0,1,28,4,0.267,0.552,0,1,10,28,6,4,2,0,0,0,0,0,0.246,22.2,34.7,43.1,1.0,0.0,
Schrock,Max,621011,2021,134,24,7,2,3,24,8,0.328,0.776,0,0,25,22,11,8,1,0,0,1,0,0,0.329,38.2,33.3,28.4,0.0,1.0,
Swanson,Dansby,621020,2021,653,84,33,2,27,167,52,0.311,0.760,0,5,85,130,38,27,1,2,0,9,0,0,0.322,40.3,35.4,24.2,1.0,0.0,
Newman,Kevin,621028,2021,554,87,22,3,5,41,27,0.262,0.571,0,1,94,173,64,37,1,0,0,6,0,0,0.249,31.8,42.9,25.4,1.0,0.0,
Taylor,Chris,621035,2021,582,80,25,4,20,167,63,0.344,0.782,0,8,76,89,30,20,0,1,0,11,1,1,0.338,42.2,35.5,22.4,1.0,0.0,
Correa,Carlos,621043,2021,640,94,34,1,26,116,75,0.366,0.850,0,4,76,142,36,35,0,0,0,0,0,0,0.364,33.5,38.2,28.3,1.0,0.0,
Buehler,Walker,621111,2021,82,5,2,0,0,45,5,0.146,0.277,0,0,3,21,0,1,0,0,0,0,0,0,0.140,12.5,31.3,56.3,1.0,0.0,
Dahl,David,621311,2021,220,28,11,0,4,59,10,0.245,0.567,0,1,23,57,14,12,1,0,0,2,0,0,0.246,36.7,40,23.3,0.0,1.0,
Phillips,Brett,621433,2021,292,26,9,4,13,113,33,0.298,0.725,0,2,36,40,8,7,3,0,0,13,1,0,0.313,38.9,41.7,19.4,0.0,1.0,
Taylor,Tyrone,621438,2021,271,36,9,3,12,59,20,0.321,0.778,0,7,36,57,17,15,1,0,0,5,1,0,0.333,44.3,31.4,24.3,1.0,0.0,
Buxton,Byron,621439,2021,254,30,23,0,19,62,13,0.358,1.005,0,6,30,49,12,10,1,0,0,10,0,0,0.419,47.4,34.1,18.5,1.0,0.0,
Brinson,Lewis,621446,2021,290,39,14,0,9,72,13,0.262,0.638,0,1,29,67,19,27,1,0,0,1,0,0,0.275,35.8,41.2,23,1.0,0.0,
Bolt,Skye,621450,2021,60,3,1,0,1,15,1,0.100,0.258,0,0,11,24,2,2,0,0,0,2,0,0,0.113,43.2,38.6,18.2,0.36666666666666700,0.6333333333333330,
Duggar,Steven,621453,2021,297,42,14,5,8,88,27,0.330,0.767,0,2,41,52,10,7,0,0,0,7,0,0,0.327,31.1,38.3,30.6,0.0,1.0,
Rios,Edwin,621458,2021,60,3,0,0,1,18,7,0.217,0.354,0,2,12,13,2,2,0,0,0,0,0,0,0.182,30.3,48.5,21.2,0.0,1.0,
Stewart,DJ,621466,2021,318,33,10,0,12,89,44,0.324,0.698,0,4,41,49,10,26,0,0,0,0,0,0,0.310,33.1,37.6,29.3,0.0,1.0,
Ward,Taylor,621493,2021,237,29,15,0,8,55,20,0.329,0.767,0,6,35,43,18,7,1,0,0,1,0,0,0.333,37.8,32.1,30.1,1.0,0.0,
Mathisen,Wyatt,621500,2021,51,4,0,0,1,21,5,0.255,0.445,0,3,3,4,4,6,0,0,0,0,0,0,0.219,36.4,36.4,27.3,1.0,0.0,
Nido,Tomas,621512,2021,161,25,5,1,3,44,5,0.261,0.588,0,3,20,38,17,0,0,0,0,1,0,0,0.254,27.5,51.4,21.1,1.0,0.0,
Wisdom,Patrick,621550,2021,375,37,13,0,28,153,32,0.304,0.822,1,4,35,45,12,14,1,0,0,4,0,0,0.346,53,31.9,15.1,1.0,0.0,
Wendle,Joey,621563,2021,501,76,31,4,11,113,28,0.319,0.741,0,10,57,121,38,10,6,0,0,7,1,0,0.317,35.7,34.3,30,0.0,1.0,
Olson,Matt,621566,2021,673,79,35,0,39,113,88,0.371,0.911,0,9,92,150,18,44,1,0,0,4,0,0,0.379,39.5,33.7,26.8,0.0,1.0,
Jones,Taylor,622100,2021,108,14,8,1,2,29,4,0.269,0.670,0,0,13,25,6,6,0,0,0,0,0,0,0.283,36,37.3,26.7,1.0,0.0,
Duffy,Matt,622110,2021,322,66,12,0,5,63,25,0.357,0.738,0,7,32,79,26,7,1,0,0,7,1,0,0.327,24.7,40.5,34.8,1.0,0.0,
Walton,Donovan,622268,2021,69,8,2,1,2,15,4,0.246,0.611,0,0,8,21,6,2,0,0,0,1,0,0,0.267,38,34,28,0.0,1.0,
Castillo,Luis,622491,2021,59,6,2,0,0,23,1,0.153,0.357,0,0,3,21,2,1,0,0,0,0,0,0,0.169,28.6,45.7,25.7,1.0,0.0,
Margot,Manuel,622534,2021,464,76,18,3,10,70,37,0.313,0.695,0,1,65,123,32,28,5,3,0,10,3,0,0.301,32.9,44.7,22.5,1.0,0.0,
Reyes,Pablo,622569,2021,87,14,5,0,1,15,9,0.333,0.692,0,0,15,17,4,6,0,0,0,3,1,0,0.303,42.9,34.9,22.2,1.0,0.0,
Senzatela,Antonio,622608,2021,51,2,0,0,0,19,0,0.039,0.090,0,0,2,23,3,2,0,0,0,0,0,0,0.045,25,37.5,37.5,1.0,0.0,
Reyes,Victor,622682,2021,220,35,10,4,5,55,8,0.282,0.698,0,0,25,56,18,3,0,1,0,3,2,0,0.298,31.8,42,26.1,0.31363636363636400,0.6863636363636360,
Mateo,Jorge,622761,2021,209,32,11,1,4,55,9,0.292,0.668,0,4,27,43,10,13,3,0,0,7,3,0,0.291,41.8,39,19.1,1.0,0.0,
Velazquez,Andrew,623205,2021,68,9,4,1,1,23,1,0.235,0.594,0,0,8,15,4,2,1,0,0,4,0,0,0.252,36.4,43.2,20.5,0.36764705882352900,0.6323529411764710,
Bote,David,623520,2021,327,38,10,2,8,73,27,0.275,0.605,0,5,45,84,19,15,1,0,0,0,0,0,0.268,37.4,35.1,27.5,1.0,0.0,
Ramirez,Harold,623912,2021,361,62,21,1,7,56,14,0.305,0.703,0,5,42,112,20,18,1,0,0,3,0,0,0.302,30.1,41.3,28.7,1.0,0.0,
Santander,Anthony,623993,2021,438,56,24,0,18,101,23,0.285,0.719,0,4,60,88,27,35,1,0,0,1,0,0,0.307,39,37.4,23.5,0.3607305936073060,0.639269406392694,
Alonso,Pete,624413,2021,637,80,27,3,37,127,60,0.344,0.863,0,12,96,132,29,32,0,0,0,3,0,0,0.363,38.4,35.2,26.5,1.0,0.0,
Arroyo,Christian,624414,2021,181,25,12,0,6,44,8,0.320,0.766,1,7,17,42,12,6,0,0,0,1,0,0,0.332,28.9,41.3,29.8,1.0,0.0,
Biggio,Cavan,624415,2021,294,38,10,1,7,78,37,0.320,0.676,1,1,38,55,17,11,1,1,0,3,0,0,0.298,34.5,35,30.5,0.0,1.0,
Conforto,Michael,624424,2021,479,60,20,0,14,104,59,0.344,0.729,0,12,62,112,22,13,0,0,0,1,0,0,0.322,42.1,35.5,22.4,0.0,1.0,
Frazier,Adam,624428,2021,639,130,36,5,5,69,48,0.366,0.777,0,10,78,156,75,26,4,0,1,8,2,0,0.341,35.5,33,31.4,0.0,1.0,
Trevino,Jose,624431,2021,302,49,14,0,5,57,12,0.265,0.605,0,0,45,85,23,12,1,0,0,1,0,0,0.261,32.6,40.3,27,1.0,0.0,
Gordon,Nick,624503,2021,216,34,9,1,4,55,12,0.292,0.647,0,3,23,51,21,3,1,0,0,8,2,0,0.283,37,43.2,19.9,0.0,1.0,
McGuire,Reese,624512,2021,217,34,15,0,1,44,15,0.309,0.652,0,2,32,50,14,9,0,0,0,0,0,0,0.289,35.3,41,23.7,0.0,1.0,
Nunez,Dom,624513,2021,263,18,12,3,10,91,34,0.293,0.692,0,0,31,38,8,17,0,0,0,0,0,0,0.294,50,31.2,18.8,0.0,1.0,
Soler,Jorge,624585,2021,602,61,27,0,27,142,67,0.312,0.744,8,6,79,124,27,32,0,0,0,0,0,0,0.323,50.7,29,20.1,1.0,0.0,
Sosa,Edmundo,624641,2021,326,60,8,4,6,63,17,0.344,0.732,1,17,37,86,16,10,4,0,0,4,0,0,0.322,33.3,41.2,25.4,1.0,0.0,
Heredia,Guillermo,628338,2021,347,36,26,0,5,81,32,0.311,0.665,0,9,43,76,22,17,0,0,0,0,0,0,0.292,37.8,38.2,24,1.0,0.0,
Hernandez,Yadiel,628450,2021,289,54,8,1,9,59,22,0.329,0.742,0,1,32,89,12,1,0,0,0,3,0,0,0.320,28.5,39.6,31.9,0.0,1.0,
Ibanez,Andy,628451,2021,272,46,15,2,7,35,15,0.320,0.755,0,2,50,61,22,17,0,0,0,0,0,0,0.325,31.8,41.8,26.4,1.0,0.0,
Urias,Julio,628711,2021,70,10,2,0,0,22,0,0.186,0.423,0,1,3,27,2,3,0,0,0,0,0,0,0.200,40.4,29.8,29.8,0.0,1.0,
Cronenworth,Jake,630105,2021,643,90,33,7,21,90,55,0.336,0.796,5,10,84,165,47,35,2,1,0,4,0,0,0.341,32.9,38.3,28.8,0.0,1.0,
Frazier,Clint,640449,2021,218,20,9,0,5,65,32,0.317,0.633,0,3,17,41,12,14,0,0,0,2,0,0,0.289,36.4,45.8,17.8,1.0,0.0,
Meadows,Austin,640457,2021,591,62,29,3,27,122,59,0.315,0.772,0,6,109,94,35,41,3,0,0,5,0,0,0.327,40.3,34.2,25.5,0.0,1.0,
Mercado,Oscar,640458,2021,238,30,11,1,6,42,21,0.298,0.667,0,2,33,59,11,22,1,0,0,4,3,0,0.294,43.9,30.6,25.4,1.0,0.0,
Pinder,Chad,640461,2021,233,29,16,1,6,62,16,0.300,0.712,0,2,25,58,12,5,0,0,0,1,0,0,0.307,34.6,42.5,22.9,1.0,0.0,
Anderson,Tim,641313,2021,551,115,29,2,17,119,22,0.338,0.806,0,1,51,163,25,7,7,0,0,16,2,0,0.345,31.1,41.6,27.4,1.0,0.0,
Bauers,Jake,641343,2021,315,48,7,0,4,78,30,0.289,0.565,1,2,50,49,23,22,1,0,0,6,0,0,0.257,39.7,37.3,23,0.0,1.0,
Bellinger,Cody,641355,2021,350,31,9,2,10,94,31,0.240,0.542,0,1,61,62,24,25,1,0,0,3,0,0,0.237,42.4,35.3,22.3,0.0,1.0,
Calhoun,Willie,641432,2021,284,46,10,3,6,34,21,0.310,0.691,0,2,46,67,26,22,2,0,0,0,0,0,0.301,34.8,43.2,22,0.0,1.0,
Collins,Zack,641470,2021,231,24,13,0,4,69,34,0.329,0.667,0,1,32,30,13,11,2,0,0,1,0,0,0.299,42.5,30.7,26.8,0.0,1.0,
Crawford,J.P.,641487,2021,687,123,37,0,9,114,58,0.338,0.714,0,5,76,177,53,34,6,0,0,3,0,0,0.314,30.2,41.4,28.4,0.0,1.0,
Davis,Jonathan,641505,2021,103,9,1,0,1,26,12,0.252,0.425,0,3,19,25,6,1,0,1,0,4,0,0,0.210,40.3,30.6,29,1.0,0.0,
Dozier,Hunter,641531,2021,543,56,27,6,16,154,43,0.285,0.680,0,7,70,104,28,31,3,1,0,5,0,0,0.293,37.5,41.3,21.2,1.0,0.0,
Engel,Adam,641553,2021,140,15,9,0,7,31,11,0.336,0.832,0,5,16,30,7,8,0,1,0,4,3,0,0.354,39.8,37.6,22.6,1.0,0.0,
Fargas,Johneshwy,641561,2021,54,8,3,2,0,15,1,0.259,0.644,0,0,5,14,3,3,2,0,0,1,0,0,0.275,39.5,34.2,26.3,1.0,0.0,
Fraley,Jake,641584,2021,265,29,7,0,9,71,46,0.351,0.720,0,2,27,50,17,6,2,0,0,9,1,0,0.322,39,40.4,20.5,0.0,1.0,
Garver,Mitch,641598,2021,243,25,15,0,13,71,31,0.358,0.875,0,3,26,33,10,15,1,0,0,1,0,0,0.372,51.4,28.3,20.3,1.0,0.0,
Guillorme,Luis,641645,2021,156,31,3,0,1,23,23,0.372,0.682,0,0,21,42,11,1,2,0,0,0,0,0,0.311,23.6,41.8,34.5,0.0,1.0,
Hampson,Garrett,641658,2021,494,68,21,6,11,118,33,0.287,0.667,0,3,73,100,39,18,6,1,0,13,4,0,0.288,32.6,40,27.4,1.0,0.0,
Heim,Jonah,641680,2021,285,29,13,0,10,58,15,0.239,0.597,0,1,37,76,16,27,0,1,0,3,0,0,0.256,41.2,37.4,21.3,0.28421052631578900,0.7157894736842110,
Lewis,Kyle,641786,2021,147,23,4,0,5,37,16,0.333,0.726,0,1,26,20,9,5,0,0,0,2,0,0,0.320,40.9,30.1,29,1.0,0.0,
Locastro,Tim,641796,2021,156,19,4,0,2,33,7,0.263,0.515,0,9,29,34,10,7,3,0,0,5,0,0,0.237,33.6,32.7,33.6,1.0,0.0,
Mahle,Tyler,641816,2021,66,3,0,0,0,19,4,0.106,0.161,0,0,4,32,3,1,0,0,0,0,0,0,0.092,23.3,25.6,51.2,1.0,0.0,
ManciniIII,Trey,641820,2021,616,87,33,1,21,143,51,0.326,0.758,0,8,60,153,38,19,0,0,0,0,0,0,0.326,33.6,38.2,28.3,1.0,0.0,
Martin,Jason,641829,2021,154,21,3,0,6,41,8,0.247,0.601,0,0,16,39,8,12,1,0,0,3,0,0,0.260,44.8,32.4,22.9,0.0,1.0,
McKinney,Billy,641856,2021,300,28,11,3,9,79,32,0.280,0.638,0,1,45,59,19,13,0,0,0,2,0,0,0.277,45.2,29.3,25.5,0.0,1.0,
McMahon,Ryan,641857,2021,596,78,32,1,23,147,59,0.331,0.779,0,4,74,115,43,19,2,0,0,6,0,0,0.334,28.2,39.4,32.4,0.0,1.0,
Neuse,Sheldon,641914,2021,66,7,1,0,3,26,1,0.182,0.505,0,0,10,13,4,1,1,0,0,1,0,0,0.214,23.1,53.8,23.1,1.0,0.0,
O'Neill,Tyler,641933,2021,537,76,26,2,34,168,38,0.352,0.912,0,13,59,74,20,24,4,0,0,15,0,0,0.384,36.2,36.8,27,1.0,0.0,
Sisco,Chance,642082,2021,83,8,3,0,0,21,7,0.241,0.430,0,2,11,23,3,5,0,0,0,0,0,0,0.205,41.5,26.4,32.1,0.0,1.0,
Smith,Dominic,642086,2021,493,78,20,0,11,112,32,0.304,0.667,0,9,78,99,39,14,1,0,0,2,0,0,0.291,37.1,39.1,23.8,0.0,1.0,
Tellez,Rowdy,642133,2021,325,45,14,2,11,65,23,0.305,0.719,0,4,40,77,23,21,0,0,0,0,0,0,0.306,34.3,39.1,26.6,0.0,1.0,
Valaika,Pat,642162,2021,281,39,8,0,5,76,16,0.249,0.539,0,2,55,45,18,16,1,0,0,1,0,0,0.238,32.1,32.6,35.3,1.0,0.0,
VanMeter,Josh,642165,2021,310,33,17,2,6,83,33,0.297,0.651,0,1,55,50,12,16,2,0,0,2,1,0,0.287,38.3,38.9,22.8,0.0,1.0,
Wade,Tyler,642180,2021,145,28,5,1,0,37,16,0.352,0.675,1,1,7,35,8,6,6,0,0,14,3,0,0.304,30,38.9,31.1,0.0,1.0,
White,Eli,642201,2021,220,22,6,1,6,66,18,0.259,0.567,0,4,29,38,13,17,2,0,1,4,0,0,0.253,43.9,35.6,20.5,1.0,0.0,
Williams,Justin,642211,2021,137,15,0,0,4,46,17,0.270,0.531,0,1,11,34,8,1,1,0,0,0,0,0,0.229,31.5,46.6,21.9,0.0,1.0,
Wong,Kean,642221,2021,66,7,2,1,0,17,2,0.182,0.415,0,0,6,20,9,1,1,0,0,0,0,0,0.187,34,48.9,17,0.0,1.0,
Mejia,Francisco,642336,2021,277,41,15,3,6,49,17,0.321,0.737,0,7,37,60,16,25,0,0,0,0,0,0,0.320,40.2,32.8,27,0.4197080291970800,0.5802919708029200,
Sierra,Magneuris,642423,2021,225,41,6,1,0,50,15,0.280,0.548,0,0,18,57,20,17,0,0,0,9,2,0,0.239,29.4,36.9,33.8,0.0,1.0,
Rosario,Amed,642708,2021,588,113,25,6,11,120,31,0.321,0.731,0,3,60,162,34,20,0,0,0,13,0,0,0.315,27.9,41.9,30.2,1.0,0.0,
Adames,Willy,642715,2021,555,72,32,1,25,156,57,0.337,0.818,0,0,85,92,16,17,3,0,1,5,0,0,0.349,42.1,34.8,23.1,1.0,0.0,
Gutierrez,Kelvin,642721,2021,295,49,8,3,3,76,19,0.292,0.608,0,4,23,84,16,10,1,0,0,0,0,0,0.270,35.2,39.3,25.5,1.0,0.0,
Alcantara,Sergio,642727,2021,255,31,6,3,5,74,30,0.302,0.629,0,2,27,55,11,11,0,0,0,2,1,0,0.279,38.9,40.3,20.8,0.31620553359683800,0.6837944664031620,
Estrada,Thairo,642731,2021,132,22,4,0,7,23,9,0.333,0.813,0,2,10,35,9,11,0,0,0,2,0,0,0.346,42.9,34.7,22.4,1.0,0.0,
Leyba,Domingo,642736,2021,96,8,1,0,1,23,8,0.198,0.359,0,1,16,23,9,6,0,0,0,0,0,0,0.172,40.6,39.1,20.3,0.21875,0.78125,
Wynns,Austin,642851,2021,139,16,4,0,4,31,8,0.230,0.538,0,0,24,41,5,6,0,0,0,1,0,0,0.236,41,32,27,1.0,0.0,
Benintendi,Andrew,643217,2021,538,90,27,2,17,97,36,0.323,0.766,0,2,108,114,25,17,8,1,0,8,0,0,0.328,36,39.7,24.3,0.0,1.0,
Cooper,Garrett,643265,2021,250,41,10,1,9,68,30,0.380,0.845,0,4,17,55,10,4,1,0,0,1,0,0,0.367,35.1,40.5,24.3,1.0,0.0,
Craig,Will,643269,2021,65,10,2,0,1,22,5,0.277,0.577,0,0,4,15,4,1,0,0,0,0,0,0,0.251,36.8,31.6,31.6,1.0,0.0,
Dubon,Mauricio,643289,2021,187,28,9,0,5,41,9,0.278,0.655,0,1,26,42,13,10,1,0,0,3,0,0,0.278,38.2,36,25.7,1.0,0.0,
Jansen,Danny,643376,2021,205,17,13,0,11,44,17,0.298,0.770,0,3,23,37,19,20,0,0,0,0,0,0,0.329,53.9,29.8,16.3,1.0,0.0,
Kemp,Tony,643393,2021,397,65,16,3,8,51,52,0.378,0.796,0,6,72,81,25,17,2,0,0,7,1,0,0.351,35.8,44.1,20.1,0.0,1.0,
Kiner-Falefa,Isiah,643396,2021,677,136,25,3,8,90,28,0.312,0.669,0,11,75,218,60,23,4,1,0,17,3,0,0.293,31.6,38.5,29.9,1.0,0.0,
LongJr.,Shed,643418,2021,121,13,4,1,4,39,9,0.256,0.617,0,0,7,39,3,2,0,0,0,1,0,0,0.268,37,39.7,23.3,0.0,1.0,
McNeil,Jeff,643446,2021,426,70,19,1,7,58,29,0.319,0.679,0,10,61,113,33,25,0,1,0,3,0,0,0.301,35,34.7,30.4,0.0,1.0,
Schwindel,Frank,643524,2021,259,44,20,1,14,41,16,0.371,0.962,0,1,32,57,15,18,1,0,0,2,0,0,0.403,39.3,38.8,21.9,1.0,0.0,
Tauchman,Mike,643565,2021,191,21,5,0,4,58,23,0.283,0.566,0,1,19,38,15,7,3,0,0,2,1,0,0.260,28.4,35.8,35.8,0.0,1.0,
Chang,Yu,644374,2021,251,28,14,3,9,69,11,0.267,0.693,0,2,30,50,13,22,0,0,0,1,0,0,0.294,34.9,32.5,32.5,1.0,0.0,
Alcantara,Sandy,645261,2021,64,1,1,0,0,45,3,0.094,0.145,0,1,0,13,0,0,0,0,0,0,0,0,0.079,26.7,26.7,46.7,1.0,0.0,
Albies,Ozzie,645277,2021,686,86,40,7,30,128,47,0.310,0.799,0,3,138,125,43,38,4,0,0,20,0,0,0.336,42.5,31.9,25.6,0.2643171806167400,0.73568281938326,
Robles,Victor,645302,2021,369,40,21,1,2,85,33,0.306,0.601,0,16,43,80,20,28,5,1,0,7,1,0,0.275,48.1,31.1,20.9,1.0,0.0,
Ford,Mike,645801,2021,72,5,0,0,3,23,11,0.278,0.561,0,1,13,11,3,2,0,0,0,0,0,0,0.254,37.8,37.8,24.3,0.0,1.0,
Devers,Rafael,646240,2021,664,89,37,1,38,143,62,0.352,0.890,0,7,75,143,33,34,4,0,1,4,1,0,0.373,33,42.5,24.6,0.0,1.0,
Naylor,Josh,647304,2021,250,39,13,0,7,45,14,0.300,0.699,1,2,25,72,16,16,0,0,0,0,1,0,0.302,33,43.6,23.4,0.0,1.0,
Toro,Abraham,647351,2021,375,57,12,0,11,54,31,0.315,0.688,0,7,81,88,20,14,3,0,0,6,0,0,0.303,29.7,39.6,30.7,0.33066666666666700,0.6693333333333330,
Diaz,Aledmys,649557,2021,319,49,19,0,8,62,16,0.317,0.721,0,9,35,80,18,23,0,1,0,0,0,0,0.311,48.7,34.5,16.8,1.0,0.0,
Urias,Luis,649966,2021,570,73,25,1,23,116,63,0.342,0.787,3,10,64,118,33,40,2,0,0,5,0,0,0.340,42.1,36.8,21.2,1.0,0.0,
Diaz,Lewin,650331,2021,128,12,4,1,8,33,6,0.242,0.693,0,0,18,24,7,15,0,0,0,0,0,0,0.288,40.4,32.6,27,0.0,1.0,
Arraez,Luis,650333,2021,479,101,17,6,2,48,43,0.357,0.733,0,2,77,131,46,6,2,0,0,1,1,0,0.321,26.9,41.2,31.9,0.0,1.0,
Jimenez,Eloy,650391,2021,231,33,10,0,10,57,16,0.303,0.740,0,1,18,63,12,9,0,0,0,0,0,0,0.317,36.3,36.3,27.4,1.0,0.0,
Torres,Gleyber,650402,2021,516,88,22,0,9,104,50,0.329,0.695,0,1,78,116,26,22,4,2,0,11,3,0,0.307,34.3,39.1,26.6,1.0,0.0,
Castro,Willi,650489,2021,450,61,15,6,9,109,23,0.271,0.622,0,8,53,118,27,20,3,1,0,9,0,0,0.271,29.7,35.2,35.2,0.3028953229398660,0.6971046770601340,
Diaz,Yandy,650490,2021,541,85,20,1,13,85,69,0.353,0.740,0,3,67,141,34,22,1,0,0,1,0,0,0.325,31.3,41.1,27.6,1.0,0.0,
DeLaCruz,Bryan,650559,2021,219,45,7,2,5,53,18,0.356,0.783,0,1,21,44,13,10,1,0,0,1,0,0,0.339,35.4,36.7,27.9,1.0,0.0,
Rengifo,Luis,650859,2021,190,28,1,0,6,38,9,0.242,0.552,0,2,26,61,9,10,0,0,0,1,0,0,0.244,33.3,43.3,23.4,0.3105263157894740,0.6894736842105260,
Pozo,Yohel,650968,2021,77,16,4,0,1,10,3,0.312,0.690,0,0,8,15,11,9,0,0,0,0,0,0,0.300,35.9,43.8,20.3,1.0,0.0,
Adams,Riley,656180,2021,120,11,8,1,2,40,15,0.358,0.742,0,6,13,19,4,0,0,0,0,0,0,0,0.332,30.5,35.6,33.9,1.0,0.0,
Bradley,Bobby,656252,2021,279,25,10,0,16,99,25,0.294,0.739,0,6,25,52,12,9,0,0,0,0,0,0,0.314,35.6,38.3,26.2,0.0,1.0,
Chapman,Matt,656305,2021,622,66,15,3,27,202,80,0.314,0.716,0,4,89,84,18,32,2,0,0,3,0,0,0.311,37.8,39.9,22.3,1.0,0.0,
Chavis,Michael,656308,2021,124,19,7,1,3,42,1,0.258,0.655,0,1,12,27,7,4,1,1,0,0,1,0,0.277,43.8,31.3,25,1.0,0.0,
Diaz,Isan,656371,2021,278,33,9,0,4,73,34,0.291,0.573,0,1,39,59,19,6,1,0,0,1,0,0,0.252,35.9,37.1,27.1,0.0,1.0,
Ellis,Drew,656403,2021,83,6,2,0,1,27,10,0.277,0.480,0,4,11,13,4,5,0,0,0,0,0,0,0.230,52.4,23.8,23.8,1.0,0.0,
Hill,Derek,656537,2021,150,27,3,3,3,42,10,0.313,0.702,0,1,14,28,13,6,2,1,0,5,1,0,0.305,35.1,38.1,26.8,1.0,0.0,
Hilliard,Sam,656541,2021,238,23,7,2,14,87,23,0.294,0.757,0,1,21,43,6,11,0,0,0,5,0,0,0.318,40.9,38.6,20.5,0.0,1.0,
Hoskins,Rhys,656555,2021,443,40,29,0,27,108,47,0.334,0.864,0,5,67,66,28,25,1,1,0,3,0,0,0.364,42.8,33.2,24,1.0,0.0,
Jackson,Alex,656577,2021,151,11,4,0,3,73,13,0.252,0.488,0,7,14,13,7,6,0,0,0,0,0,0,0.227,53.4,29.3,17.2,1.0,0.0,
Joe,Connor,656582,2021,211,34,9,0,8,41,26,0.379,0.848,0,3,25,34,17,12,0,0,0,0,0,0,0.366,36.9,33.3,29.8,1.0,0.0,
Luplow,Jordan,656669,2021,193,14,8,0,11,57,28,0.326,0.780,0,2,28,27,4,13,2,0,0,1,0,0,0.337,38.7,35.8,25.5,1.0,0.0,
McKinstry,Zach,656716,2021,172,18,9,0,7,50,10,0.262,0.667,0,1,24,39,9,4,0,1,0,1,0,0,0.282,42.3,36.9,20.7,0.0,1.0,
MullinsII,Cedric,656775,2021,675,103,37,5,30,125,59,0.359,0.877,1,8,91,134,45,36,8,0,0,25,4,1,0.372,41.7,33.2,25.1,0.0,1.0,
O'Hearn,Ryan,656811,2021,254,38,5,1,9,71,13,0.268,0.636,0,2,38,53,15,8,1,0,0,0,0,0,0.274,39.3,33.9,26.8,0.0,1.0,
Peters,DJ,656847,2021,240,21,9,1,13,82,12,0.242,0.663,0,2,28,44,11,16,0,0,0,2,0,0,0.272,36.8,41,22.2,1.0,0.0,
Rivera,Emmanuel,656896,2021,98,18,4,0,1,21,8,0.316,0.650,0,0,10,26,7,3,0,0,0,2,0,0,0.289,36.2,40.6,23.2,1.0,0.0,
Schwarber,Kyle,656941,2021,471,55,19,0,32,127,64,0.374,0.928,0,6,55,79,18,16,1,0,0,1,0,0,0.392,43.8,36.1,20.1,0.0,1.0,
Smith,Pavin,656976,2021,545,91,27,4,11,106,42,0.328,0.732,0,4,69,129,37,24,0,0,0,1,0,0,0.318,34.1,40.5,25.4,0.0,1.0,
Thomas,Lane,657041,2021,264,29,15,2,7,63,37,0.341,0.752,0,0,30,57,12,12,2,1,0,6,1,0,0.328,35.4,41.5,23.2,1.0,0.0,
Tucker,Cole,657061,2021,131,18,4,2,2,33,13,0.298,0.640,0,0,14,34,6,4,2,0,0,2,0,0,0.282,40,42.4,17.6,0.2595419847328240,0.7404580152671760,
Verdugo,Alex,657077,2021,604,110,32,2,13,96,51,0.351,0.777,0,4,70,173,34,19,2,0,0,5,1,0,0.334,33.1,40.4,26.5,0.0,1.0,
White,Evan,657108,2021,104,9,3,0,2,31,6,0.202,0.439,0,1,13,24,7,8,0,0,0,0,0,0,0.197,37.9,36.4,25.8,1.0,0.0,
Alvarez,Eddy,657193,2021,74,6,4,1,1,18,4,0.297,0.625,0,6,11,15,6,2,0,0,0,1,0,0,0.277,39.1,32.6,28.3,0.3424657534246580,0.6575342465753420,
Webb,Logan,657277,2021,53,2,2,1,1,21,2,0.151,0.434,0,0,6,15,1,2,0,0,0,0,0,0,0.192,23.3,46.7,30,1.0,0.0,
O'Grady,Brian,657434,2021,61,3,3,0,2,17,8,0.262,0.596,0,0,8,13,2,5,0,0,0,0,0,0,0.265,61.1,25,13.9,0.0,1.0,
DeJong,Paul,657557,2021,402,40,10,1,19,103,35,0.284,0.674,0,9,63,80,24,18,1,0,0,3,1,0,0.293,41.6,35.7,22.7,1.0,0.0,
Laureano,Ramon,657656,2021,378,47,21,2,14,98,27,0.317,0.760,0,9,48,84,15,12,3,2,0,7,5,0,0.327,42.6,34.8,22.5,1.0,0.0,
Sheets,Gavin,657757,2021,179,21,8,0,11,40,16,0.324,0.830,0,2,13,47,9,11,0,0,0,0,0,0,0.352,36.4,38,25.6,0.0,1.0,
Fuentes,Joshua,658069,2021,284,42,11,1,7,65,12,0.257,0.608,0,0,53,58,15,19,0,0,0,0,0,0,0.261,32.9,38.6,28.5,1.0,0.0,
Olivares,Edward,658668,2021,111,17,2,0,5,19,5,0.288,0.694,0,3,15,31,9,5,2,0,0,2,0,0,0.301,47.6,32.1,20.2,1.0,0.0,
Moncada,Yoan,660162,2021,616,89,33,1,14,157,84,0.375,0.787,0,10,51,119,40,17,2,0,0,3,0,0,0.347,35.6,37.5,26.8,0.24549918166939400,0.7545008183306060,
Ohtani,Shohei,660271,2021,639,58,26,8,46,189,96,0.372,0.965,0,4,74,101,20,16,8,1,1,24,1,1,0.393,46.6,30.6,22.9,0.0,1.0,
Tsutsugo,Yoshi,660294,2021,262,29,12,1,8,72,29,0.305,0.688,0,1,41,46,10,12,1,0,0,0,0,0,0.302,35,35.6,29.4,0.0,1.0,
Arauz,Jonathan,660620,2021,75,6,3,0,3,15,8,0.267,0.636,0,0,7,20,5,7,0,0,0,0,0,0,0.282,38.5,36.5,25,0.41333333333333300,0.5866666666666670,
Hernandez,Yonny,660634,2021,166,26,5,0,0,32,17,0.313,0.565,0,4,14,52,11,4,2,0,0,11,0,0,0.265,28.3,34.5,37.2,0.28313253012048200,0.7168674698795180,
AcunaJr.,Ronald,660670,2021,360,40,19,1,24,85,49,0.394,0.990,0,9,44,51,20,18,6,0,0,15,2,0,0.412,47.9,32.3,19.8,1.0,0.0,
Ruiz,Keibert,660688,2021,96,18,3,0,3,9,6,0.333,0.742,0,2,15,24,7,9,0,0,0,0,0,0,0.325,48.1,34.2,17.7,0.3125,0.6875,
Sanchez,Jesus,660821,2021,251,33,8,2,14,78,20,0.319,0.808,0,3,25,54,9,4,1,0,0,0,0,0,0.339,36,37.3,26.7,0.0,1.0,
Park,Hoy,660829,2021,150,15,5,2,3,38,18,0.293,0.629,1,1,23,32,6,6,1,0,0,1,0,0,0.279,46.7,33.7,19.6,0.0,1.0,
Contreras,William,661388,2021,185,22,4,1,8,54,19,0.303,0.701,0,2,22,43,7,3,0,0,0,0,0,0,0.303,37.3,48.2,14.5,1.0,0.0,
Varsho,Daulton,662139,2021,315,40,17,2,11,67,30,0.317,0.754,0,0,43,60,20,25,0,0,0,6,0,0,0.322,34.4,39,26.6,0.0,1.0,
Jones,Jahmai,663330,2021,72,7,3,0,0,26,4,0.208,0.402,0,1,11,9,5,6,0,0,0,1,0,0,0.186,34.1,36.6,29.3,1.0,0.0,
Nootbaar,Lars,663457,2021,124,17,3,1,5,28,13,0.315,0.737,0,0,15,31,4,6,1,0,0,2,0,0,0.316,42.2,34.9,22.9,0.0,1.0,
Hoerner,Nico,663538,2021,170,35,10,0,0,25,17,0.382,0.751,0,3,20,41,13,6,2,1,0,5,0,0,0.330,29.6,36.8,33.6,1.0,0.0,
Riley,Austin,663586,2021,662,112,33,1,33,168,52,0.367,0.898,0,12,70,109,42,29,1,0,0,0,0,0,0.379,39.5,36.7,23.7,1.0,0.0,
Madrigal,Nick,663611,2021,215,45,10,4,2,17,11,0.349,0.774,0,3,20,81,16,4,2,0,0,1,0,0,0.335,21.2,44,34.8,1.0,0.0,
Larnach,Trevor,663616,2021,301,39,12,0,7,104,31,0.322,0.672,0,8,28,56,10,6,0,0,0,1,0,0,0.300,39.9,33.5,26.6,0.0,1.0,
Mountcastle,Ryan,663624,2021,586,79,23,1,33,161,41,0.309,0.796,0,4,86,101,33,22,3,0,0,4,0,0,0.335,38.7,32.9,28.4,1.0,0.0,
McKenna,Ryan,663630,2021,197,22,6,1,2,74,24,0.289,0.556,0,2,12,33,16,5,0,0,0,1,0,0,0.259,30.9,44.3,24.7,1.0,0.0,
Hayes,Ke'Bryan,663647,2021,396,65,20,2,6,87,31,0.316,0.689,0,1,39,115,21,9,1,0,0,9,0,0,0.301,21.3,46.9,31.8,1.0,0.0,
Tucker,Kyle,663656,2021,567,79,37,3,30,90,53,0.358,0.915,2,1,95,109,41,23,1,0,1,13,1,0,0.383,35.2,40.6,24.2,0.0,1.0,
Cameron,Daz,663662,2021,115,11,5,0,4,38,10,0.278,0.637,0,2,12,18,11,4,0,0,0,6,0,0,0.281,23.1,46.2,30.8,1.0,0.0,
India,Jonathan,663697,2021,631,86,34,2,21,141,71,0.376,0.834,0,23,70,133,25,24,2,2,0,7,5,0,0.363,48.5,34.1,17.4,1.0,0.0,
Raleigh,Cal,663728,2021,148,11,12,0,2,52,7,0.223,0.532,0,1,15,30,5,12,0,0,0,0,0,0,0.231,48.9,29.5,21.6,0.22972972972973000,0.7702702702702700,
Grisham,Trent,663757,2021,527,66,28,3,15,119,54,0.326,0.740,0,6,63,116,27,28,4,1,0,13,0,0,0.320,38.5,35.9,25.6,0.0,1.0,
Vierling,Matt,663837,2021,77,17,3,1,2,20,4,0.364,0.843,0,1,7,15,5,1,0,0,0,2,0,0,0.356,34.6,34.6,30.8,1.0,0.0,
Stephenson,Tyler,663886,2021,402,69,21,0,10,75,41,0.366,0.797,0,6,39,106,21,10,0,0,0,0,0,0,0.346,31.8,33.6,34.6,1.0,0.0,
Williams,Luke,663897,2021,108,19,4,0,1,23,10,0.315,0.631,0,0,10,32,3,6,1,1,0,2,0,0,0.283,42.7,42.7,14.7,1.0,0.0,
Rodgers,Brendan,663898,2021,415,71,21,3,15,84,19,0.328,0.798,0,7,41,115,26,12,0,0,0,0,0,0,0.341,30.8,40.7,28.5,1.0,0.0,
Lowe,Nathaniel,663993,2021,642,102,24,3,18,162,80,0.357,0.771,0,2,65,155,25,5,0,0,0,8,0,0,0.337,24.9,39.9,35.2,0.0,1.0,
Happ,Ian,664023,2021,535,59,20,1,25,156,62,0.321,0.756,0,5,53,117,24,12,0,1,1,8,1,0,0.328,37.8,32.7,29.5,0.23551401869158900,0.7644859813084110,
France,Ty,664034,2021,650,115,32,1,18,106,46,0.368,0.813,0,27,72,149,56,26,0,0,0,0,0,0,0.353,35.7,38.6,25.7,1.0,0.0,
Lowe,Brandon,664040,2021,615,62,31,0,39,167,68,0.340,0.863,0,9,77,101,32,28,1,0,0,7,0,0,0.363,39.4,35.3,25.3,0.0,1.0,
Bader,Harrison,664056,2021,401,60,21,1,16,85,27,0.324,0.785,0,5,54,84,20,28,4,0,0,6,3,0,0.331,38.4,35.9,25.7,1.0,0.0,
Stevenson,Andrew,664057,2021,213,33,6,0,5,61,13,0.291,0.630,0,5,19,48,15,7,1,0,0,1,0,0,0.274,30.6,44,25.4,0.0,1.0,
Fletcher,David,664058,2021,665,132,27,3,2,60,31,0.295,0.619,0,1,80,209,78,41,2,1,0,11,4,0,0.273,29,35.1,36,1.0,0.0,
Haggerty,Sam,664059,2021,94,11,3,0,2,28,6,0.245,0.535,0,1,9,26,4,4,1,0,0,5,0,0,0.240,47.5,27.1,25.4,0.32978723404255300,0.6702127659574470,
Moore,Dylan,664238,2021,377,35,11,2,12,111,40,0.276,0.610,0,4,52,59,20,30,5,0,0,18,3,0,0.271,36.9,36.9,26.1,1.0,0.0,
Garlick,Kyle,664247,2021,107,10,8,0,5,32,6,0.280,0.745,0,1,13,21,3,7,0,0,0,1,0,0,0.314,42.6,38.2,19.1,1.0,0.0,
Straw,Myles,664702,2021,638,119,29,1,4,121,67,0.348,0.695,0,2,91,127,63,13,5,1,0,25,5,0,0.311,25.7,38.8,35.5,1.0,0.0,
Isbel,Kyle,664728,2021,83,13,5,2,1,23,7,0.337,0.772,0,0,10,10,4,7,0,0,0,2,0,0,0.333,35.8,30.2,34,0.0,1.0,
Bohm,Alec,664761,2021,417,72,15,0,7,111,31,0.305,0.647,0,2,34,108,30,7,0,0,0,4,0,0,0.285,26,42.5,31.5,1.0,0.0,
WadeJr.,LaMonte,664774,2021,381,47,17,3,18,89,33,0.323,0.805,0,5,53,66,27,22,1,0,0,5,1,0,0.343,46.5,30.3,23.2,0.0,1.0,
Tom,Ka'ai,664789,2021,133,10,2,1,2,36,17,0.278,0.510,0,5,15,31,6,7,0,0,0,1,0,0,0.239,38.7,41.3,20,0.0,1.0,
Mazeika,Patrick,664850,2021,87,11,3,0,1,18,4,0.253,0.519,0,3,9,22,7,8,0,0,0,0,0,0,0.228,38.7,35.5,25.8,0.0,1.0,
Zavala,Seby,664874,2021,104,9,3,0,5,41,6,0.231,0.607,0,1,13,19,5,2,0,0,0,0,0,0,0.265,35.7,26.8,37.5,1.0,0.0,
Mendick,Danny,664901,2021,186,29,5,0,2,42,18,0.301,0.588,0,2,23,38,14,13,1,0,0,0,0,0,0.268,26.6,36.3,37.1,1.0,0.0,
Brown,Seth,664913,2021,307,26,13,1,20,89,23,0.274,0.754,0,1,40,53,16,25,1,0,0,4,0,0,0.315,43.3,34,22.7,0.0,1.0,
McCarthy,Jake,664983,2021,70,8,3,0,2,23,8,0.329,0.701,0,2,7,16,1,0,2,0,0,2,1,0,0.315,40.5,27,32.4,0.0,1.0,
Walsh,Jared,665120,2021,585,83,34,1,29,152,48,0.340,0.850,0,4,44,139,28,22,1,0,0,2,0,0,0.357,37.3,41.7,21,0.0,1.0,
Maton,Nick,665155,2021,131,20,7,1,2,39,10,0.321,0.705,0,2,18,22,6,4,0,0,0,2,0,0,0.309,40,35,25,0.0,1.0,
Celestino,Gilberto,665482,2021,62,3,3,0,2,14,3,0.177,0.466,0,0,6,21,5,5,0,0,0,0,0,0,0.201,31.1,33.3,35.6,1.0,0.0,
TatisJr.,Fernando,665487,2021,546,62,31,0,42,153,62,0.364,0.975,0,2,50,88,31,25,1,3,0,21,4,0,0.403,42.2,36.2,21.6,1.0,0.0,
GuerreroJr.,Vladimir,665489,2021,698,110,29,1,48,110,86,0.401,1.002,0,6,85,161,37,24,1,0,0,3,1,0,0.419,37.9,35.9,26.2,1.0,0.0,
Pache,Cristian,665506,2021,68,3,3,0,1,25,2,0.147,0.353,0,1,5,19,3,6,0,0,0,0,0,0,0.159,55,27.5,17.5,1.0,0.0,
Marchan,Rafael,665561,2021,56,9,1,1,1,10,4,0.286,0.632,0,0,6,12,6,6,0,0,0,0,0,0,0.277,26.2,52.4,21.4,0.4074074074074070,0.5925925925925930,
Soto,Juan,665742,2021,654,106,20,2,29,93,145,0.465,0.999,0,2,56,160,22,16,7,0,0,9,0,0,0.420,29,44.4,26.6,0.0,1.0,
Taveras,Leody,665750,2021,185,17,6,2,3,60,9,0.205,0.476,0,1,16,51,12,8,1,0,0,9,1,0,0.209,33,42.6,24.3,0.30434782608695700,0.6956521739130440,
ChisholmJr.,Jazz,665862,2021,507,73,20,4,18,145,34,0.302,0.726,0,4,56,113,26,13,7,1,0,18,5,0,0.312,37,35.8,27.2,0.0,1.0,
Gimenez,Andres,665926,2021,210,26,10,0,5,54,11,0.281,0.632,0,7,28,54,8,7,0,0,0,10,1,0,0.277,41.3,30.4,28.3,0.0,1.0,
Kirilloff,Alex,666135,2021,231,34,11,1,8,52,14,0.299,0.722,0,1,27,67,13,2,1,0,0,1,0,0,0.307,32.3,42.7,25,0.0,1.0,
Lux,Gavin,666158,2021,381,58,12,4,7,83,41,0.328,0.692,0,3,46,91,20,16,1,0,0,4,0,0,0.303,39.4,37.8,22.8,0.0,1.0,
Rortvedt,Ben,666163,2021,98,11,1,0,3,29,6,0.224,0.505,0,1,11,24,6,6,0,0,0,0,0,0,0.227,30.6,41.9,27.4,0.0,1.0,
Adell,Jo,666176,2021,140,21,5,2,4,32,8,0.293,0.701,0,1,12,34,13,6,1,0,0,2,0,0,0.303,48.5,33.3,18.2,1.0,0.0,
Bichette,Bo,666182,2021,690,131,30,1,29,137,40,0.343,0.828,0,6,77,176,41,22,0,1,0,21,4,0,0.354,29,37.5,33.5,1.0,0.0,
Carlson,Dylan,666185,2021,619,91,31,4,18,152,57,0.342,0.780,0,11,86,119,31,16,1,0,0,2,0,0,0.336,39.3,32.6,28.1,0.22366288492706600,0.7763371150729340,
Kieboom,Carter,666198,2021,249,33,6,0,6,62,25,0.301,0.619,0,5,26,59,19,8,0,0,0,0,0,0,0.275,42.7,36.3,21,1.0,0.0,
Trammell,Taylor,666211,2021,178,10,7,0,8,75,17,0.253,0.612,0,3,8,30,6,14,3,0,0,2,0,0,0.270,51.8,27.7,20.5,0.0,1.0,
Castro,Rodolfo,666801,2021,93,10,2,0,5,27,6,0.258,0.653,0,1,10,24,5,3,0,0,0,0,0,0,0.281,32.2,49.2,18.6,0.34408602150537600,0.6559139784946240,
Dalbec,Bobby,666915,2021,453,49,21,5,25,156,28,0.298,0.792,0,7,53,73,20,15,0,0,0,2,0,0,0.334,35.9,38.2,26,1.0,0.0,
Garcia,Adolis,666969,2021,622,82,26,2,31,194,32,0.286,0.741,0,5,87,117,21,25,5,0,0,13,1,2,0.314,40.2,36.3,23.5,1.0,0.0,
GurrielJr.,Lourdes,666971,2021,541,87,28,2,21,102,32,0.318,0.784,0,2,73,139,34,19,2,1,0,1,0,0,0.333,34.3,37.8,27.9,1.0,0.0,
RookerJr.,Brent,667670,2021,213,19,10,0,9,70,15,0.291,0.688,0,9,25,35,18,3,0,0,0,0,0,0,0.301,42,31.1,26.9,1.0,0.0,
Arozarena,Randy,668227,2021,604,90,32,3,20,170,56,0.356,0.815,0,14,53,117,22,26,11,0,0,18,2,0,0.350,35.4,42.6,22,1.0,0.0,
Barrera,Tres,668663,2021,107,18,3,1,2,22,12,0.374,0.758,0,4,6,26,6,7,0,0,0,0,0,0,0.333,27.5,46.4,26.1,1.0,0.0,
Rogers,Jake,668670,2021,127,13,5,3,6,46,11,0.299,0.795,0,0,16,12,6,9,0,0,0,1,0,0,0.339,34.3,30,35.7,1.0,0.0,
Baddoo,Akil,668731,2021,461,67,20,7,13,122,45,0.330,0.766,0,0,63,83,22,18,4,0,0,17,1,0,0.329,37.4,36.1,26.5,0.0,1.0,
Knizner,Andrew,668800,2021,185,20,7,0,1,39,20,0.281,0.517,0,4,16,54,13,11,0,0,0,0,0,0,0.238,23.8,41.8,34.4,1.0,0.0,
Reynolds,Bryan,668804,2021,646,102,35,8,24,119,75,0.390,0.912,0,8,86,130,38,20,1,1,0,4,1,0,0.385,39.9,36.9,23,0.29356357927786500,0.706436420722135,
Rojas,Josh,668942,2021,550,82,32,3,11,137,58,0.338,0.749,4,0,50,129,36,7,4,0,0,9,0,0,0.327,35.9,39,25.1,0.0,1.0,
Marsh,Brandon,669016,2021,260,43,12,3,2,91,20,0.315,0.671,0,2,23,48,14,1,1,0,0,6,0,0,0.296,32.7,37.4,29.9,0.0,1.0,
Burnes,Corbin,669203,2021,59,8,0,0,0,26,3,0.186,0.340,0,0,0,18,3,1,0,0,0,0,0,0,0.166,26.7,46.7,26.7,1.0,0.0,
Murphy,Sean,669221,2021,448,45,23,0,17,114,40,0.306,0.710,0,12,56,94,23,23,0,0,0,0,0,0,0.309,41.5,37.2,21.3,1.0,0.0,
Senzel,Nick,669222,2021,124,23,4,0,1,16,12,0.323,0.638,0,0,22,34,8,4,4,1,0,2,0,0,0.286,37.5,36.5,26,1.0,0.0,
Edman,Tommy,669242,2021,691,113,41,3,11,95,38,0.307,0.694,0,6,110,194,55,25,4,1,0,28,2,0,0.301,41.1,34.6,24.3,0.23222060957910000,0.7677793904209000,
Solak,Nick,669256,2021,511,80,18,2,11,107,34,0.313,0.676,0,15,52,145,27,20,4,0,1,6,1,0,0.299,30.1,43.1,26.8,1.0,0.0,
Smith,Will,669257,2021,501,61,19,2,25,101,58,0.365,0.860,0,18,94,81,23,17,0,0,0,3,0,0,0.364,34.3,41,24.7,1.0,0.0,
Johnson,Daniel,669288,2021,81,13,0,0,4,27,4,0.259,0.636,0,0,13,11,3,6,0,0,0,1,0,0,0.274,44,36,20,0.0,1.0,
Espinal,Santiago,669289,2021,246,53,13,1,2,30,22,0.374,0.779,0,1,32,57,16,19,1,0,0,6,0,0,0.344,38.9,30.6,30.6,1.0,0.0,
Hiura,Keston,669374,2021,197,15,9,1,4,77,14,0.254,0.554,0,7,20,30,9,10,0,0,0,1,2,0,0.250,36.4,29.3,34.3,1.0,0.0,
Hays,Austin,669720,2021,529,73,26,4,22,107,28,0.306,0.767,0,9,74,123,35,27,3,0,0,4,0,0,0.328,38.4,37.1,24.4,1.0,0.0,
Lopez,Nicky,670032,2021,565,120,21,6,2,74,49,0.358,0.736,0,4,63,180,31,13,1,1,0,16,6,0,0.329,24.9,46.1,29,0.0,1.0,
Raley,Luke,670042,2021,72,9,1,0,2,25,2,0.250,0.538,0,4,8,17,3,1,0,0,0,0,0,0,0.236,46.3,41.5,12.2,0.0,1.0,
Short,Zack,670097,2021,184,12,4,0,6,59,22,0.239,0.521,0,0,31,23,11,15,0,0,0,1,1,0,0.230,39.8,33,27.2,1.0,0.0,
Rojas,Jose,670351,2021,184,15,14,0,6,50,15,0.277,0.676,0,1,26,32,13,12,1,0,0,2,0,0,0.292,45.8,38.1,16.1,0.0,1.0,
Young,Andrew,670370,2021,104,6,7,0,6,45,6,0.298,0.782,0,6,7,16,3,1,0,0,0,0,0,0,0.332,19.1,46.8,34,1.0,0.0,
Alvarez,Yordan,670541,2021,598,80,35,1,33,145,50,0.346,0.877,0,8,76,118,33,16,0,0,0,1,0,0,0.370,34.2,37.5,28.4,0.0,1.0,
Paredes,Isaac,670623,2021,85,10,3,1,1,11,10,0.306,0.625,0,1,16,17,7,8,0,0,0,0,0,0,0.274,44.4,31.7,23.8,1.0,0.0,
Brosseau,Mike,670712,2021,169,14,9,0,5,53,15,0.266,0.613,0,2,21,29,8,11,0,0,0,2,0,0,0.268,41.4,38.4,20.2,1.0,0.0,
Walls,Taylor,670764,2021,176,21,10,0,1,49,23,0.313,0.609,0,0,21,40,7,4,2,0,0,4,0,0,0.279,35.6,40.4,24,0.3941176470588240,0.6058823529411760,
Garcia,Luis,671277,2021,247,31,18,2,6,43,11,0.275,0.686,0,0,23,89,18,6,1,1,0,0,0,0,0.291,43,35.2,21.8,0.0,1.0,
Kelenic,Jarred,672284,2021,377,33,13,1,14,106,36,0.265,0.615,0,3,54,88,14,14,4,0,0,6,0,0,0.270,36.6,39.2,24.1,0.0,1.0,
Kirk,Alejandro,672386,2021,189,24,8,0,8,22,19,0.328,0.764,0,3,33,49,14,8,0,0,0,0,0,0,0.330,35.9,40.7,23.4,1.0,0.0,
Marcano,Tucupita,672779,2021,50,7,1,0,0,9,6,0.280,0.485,0,0,5,20,2,0,1,0,0,0,0,0,0.231,31.4,40,28.6,0.0,1.0,
Robert,Luis,673357,2021,296,57,22,1,13,61,14,0.378,0.946,0,5,34,54,19,13,1,0,0,5,1,0,0.399,41.2,36.6,21.8,1.0,0.0,
Akiyama,Shogo,673451,2021,183,25,8,0,0,40,14,0.279,0.532,1,4,14,58,15,4,3,0,0,1,1,0,0.243,25.8,37.9,36.3,0.0,1.0,
Kim,Ha-Seong,673490,2021,298,32,12,2,8,71,22,0.268,0.621,0,4,34,66,20,26,1,0,0,6,0,0,0.270,46.8,37.8,15.4,1.0,0.0,
Clement,Ernie,676391,2021,133,21,4,0,3,19,7,0.278,0.617,0,2,24,36,11,6,1,0,0,0,0,0,0.275,25.7,41.9,32.4,1.0,0.0,
Barrero,Jose,676480,2021,56,5,4,1,0,17,3,0.286,0.606,0,3,11,8,2,2,0,0,0,1,0,0,0.271,45.5,48.5,6.1,1.0,0.0,
Meyers,Jake,676694,2021,163,24,8,0,6,50,10,0.319,0.757,0,4,15,35,8,2,0,0,0,3,0,0,0.328,30.3,41.4,28.3,1.0,0.0,
Trejo,Alan,676701,2021,50,7,2,0,1,15,3,0.260,0.586,0,0,4,11,6,1,0,0,0,0,0,0,0.245,34.4,43.8,21.9,1.0,0.0,
McCormick,Chas,676801,2021,320,47,12,0,14,104,25,0.319,0.766,0,4,48,46,11,7,2,0,0,4,0,0,0.326,38.5,34.8,26.7,1.0,0.0,
Franco,Wander,677551,2021,308,51,18,5,7,37,24,0.347,0.810,0,2,40,83,22,17,1,0,0,2,0,0,0.348,36.3,40,23.7,0.36038961038961000,0.6396103896103900,
Duran,Jarren,680776,2021,112,16,3,2,2,40,4,0.241,0.578,0,0,11,24,5,5,1,0,0,2,0,0,0.247,27.9,36.8,35.3,0.0,1.0,
Jeffers,Ryan,680777,2021,293,28,10,1,14,108,22,0.270,0.670,0,4,26,55,13,12,1,0,0,0,0,0,0.289,42.8,34.6,22.6,1.0,0.0,
Miller,Owen,680911,2021,202,27,8,0,4,54,9,0.243,0.551,0,1,14,61,19,5,0,0,0,2,0,0,0.241,29,39.9,31.2,1.0,0.0,
Vaughn,Andrew,683734,2021,469,61,22,0,15,101,41,0.309,0.705,0,6,70,110,30,12,1,0,0,1,0,0,0.306,30.8,38.3,30.8,1.0,0.0,